Workbook

Sheet Times
A1: Time | B1: Data | C1: Competição | D1: Adversário | E1: Mando | F1: Gols Pró | G1: Gols Contra | H1: xG Pró | I1: xG Contra | J1: Escanteios Pró | K1: Escanteios Contra | L1: Cartões Pró | M1: Cartões Contra | N1: Chutes Pró | O1: Chutes Contra | P1: Chutes Gol Pró | Q1: Chutes Gol Contra | R1: Posse Pró | S1: Faltas Time | T1: Faltas Adv | U1: Gols 1T Time | V1: Gols 1T Adv | W1: BTTS | X1: Saldo | Y1: Resultado | Z1: Favoritismo (preencher depois) | AA1: Estilo do Adversário (preencher depois) | AB1: Bloco Baixo (1-5) (preencher depois) | AC1: Pressão Alta (1-5) (preencher depois) | AD1: Transição Rápida (1-5) (preencher depois) | AE1: Posse/Dominância (1-5) (preencher depois) | AF1: Bola Parada/Físico (1-5) (preencher depois) | AG1: Aderência ao alvo (%) | AH1: Aderência Favoritismo | AI1: Peso | AK1: Peso Final
W2: =IF(AND(F2>1,G2>1),"Sim","Não") -> Não | X2: =F2-G2 -> 0 | Y2: =IF(F2>G2,"V",IF(F2=G2,"E","D")) -> E | AG2: =1-(ABS(AB2-INDEX('Jogos do Dia'!$G$2:$G$5,MATCH($A2,'Jogos do Dia'!$B$2:$B$5,0)))+ABS(AC2-INDEX('Jogos do Dia'!$H$2:$H$5,MATCH($A2,'Jogos do Dia'!$B$2:$B$5,0)))+ABS(AD2-INDEX('Jogos do Dia'!$I$2:$I$5,MATCH($A2,'Jogos do Dia'!$B$2:$B$5,0)))+ABS(AE2-INDEX('Jogos do Dia'!$J$2:$J$5,MATCH($A2,'Jogos do Dia'!$B$2:$B$5,0)))+ABS(AF2-INDEX('Jogos do Dia'!$K$2:$K$5,MATCH($A2,'Jogos do Dia'!$B$2:$B$5,0))))/20 -> #N/A | AH2: =1-ABS(Z2-INDEX('Jogos do Dia'!$F$2:$F$5,MATCH($A2,'Jogos do Dia'!$B$2:$B$5,0))) -> #N/A | AI2: =IF((INDEX('Jogos do Dia'!$A$2:$A$5,MATCH($A2,'Jogos do Dia'!$B$2:$B$5,0))-B2)<=10,100%,IF((INDEX('Jogos do Dia'!$A$2:$A$5,MATCH($A2,'Jogos do Dia'!$B$2:$B$5,0))-B2)<=20,85%,IF((INDEX('Jogos do Dia'!$A$2:$A$5,MATCH($A2,'Jogos do Dia'!$B$2:$B$5,0))-B2)<=30,70%,IF((INDEX('Jogos do Dia'!$A$2:$A$5,MATCH($A2,'Jogos do Dia'!$B$2:$B$5,0))-B2)<=45,50%,IF((INDEX('Jogos do Dia'!$A$2:$A$5,MATCH($A2,'Jogos do Dia'!$B$2:$B$5,0))-B2)<=90,30%,IF((INDEX('Jogos do Dia'!$A$2:$A$5,MATCH($A2,'Jogos do Dia'!$B$2:$B$5,0))-B2)<=180,15%,0%)))))) -> #N/A | AK2: =AG2*AH2*AI2 -> #N/A
W3: =IF(AND(F3>1,G3>1),"Sim","Não") -> Não | X3: =F3-G3 -> 0 | Y3: =IF(F3>G3,"V",IF(F3=G3,"E","D")) -> E | AG3: =1-(ABS(AB3-INDEX('Jogos do Dia'!$G$2:$G$5,MATCH($A3,'Jogos do Dia'!$B$2:$B$5,0)))+ABS(AC3-INDEX('Jogos do Dia'!$H$2:$H$5,MATCH($A3,'Jogos do Dia'!$B$2:$B$5,0)))+ABS(AD3-INDEX('Jogos do Dia'!$I$2:$I$5,MATCH($A3,'Jogos do Dia'!$B$2:$B$5,0)))+ABS(AE3-INDEX('Jogos do Dia'!$J$2:$J$5,MATCH($A3,'Jogos do Dia'!$B$2:$B$5,0)))+ABS(AF3-INDEX('Jogos do Dia'!$K$2:$K$5,MATCH($A3,'Jogos do Dia'!$B$2:$B$5,0))))/20 -> #N/A | AH3: =1-ABS(Z3-INDEX('Jogos do Dia'!$F$2:$F$5,MATCH($A3,'Jogos do Dia'!$B$2:$B$5,0))) -> #N/A | AI3: =IF((INDEX('Jogos do Dia'!$A$2:$A$5,MATCH($A3,'Jogos do Dia'!$B$2:$B$5,0))-B3)<=10,100%,IF((INDEX('Jogos do Dia'!$A$2:$A$5,MATCH($A3,'Jogos do Dia'!$B$2:$B$5,0))-B3)<=20,85%,IF((INDEX('Jogos do Dia'!$A$2:$A$5,MATCH($A3,'Jogos do Dia'!$B$2:$B$5,0))-B3)<=30,70%,IF((INDEX('Jogos do Dia'!$A$2:$A$5,MATCH($A3,'Jogos do Dia'!$B$2:$B$5,0))-B3)<=45,50%,IF((INDEX('Jogos do Dia'!$A$2:$A$5,MATCH($A3,'Jogos do Dia'!$B$2:$B$5,0))-B3)<=90,30%,IF((INDEX('Jogos do Dia'!$A$2:$A$5,MATCH($A3,'Jogos do Dia'!$B$2:$B$5,0))-B3)<=180,15%,0%)))))) -> #N/A | AK3: =AG3*AH3*AI3 -> #N/A
W4: =IF(AND(F4>1,G4>1),"Sim","Não") -> Não | X4: =F4-G4 -> 0 | Y4: =IF(F4>G4,"V",IF(F4=G4,"E","D")) -> E | AG4: =1-(ABS(AB4-INDEX('Jogos do Dia'!$G$2:$G$5,MATCH($A4,'Jogos do Dia'!$B$2:$B$5,0)))+ABS(AC4-INDEX('Jogos do Dia'!$H$2:$H$5,MATCH($A4,'Jogos do Dia'!$B$2:$B$5,0)))+ABS(AD4-INDEX('Jogos do Dia'!$I$2:$I$5,MATCH($A4,'Jogos do Dia'!$B$2:$B$5,0)))+ABS(AE4-INDEX('Jogos do Dia'!$J$2:$J$5,MATCH($A4,'Jogos do Dia'!$B$2:$B$5,0)))+ABS(AF4-INDEX('Jogos do Dia'!$K$2:$K$5,MATCH($A4,'Jogos do Dia'!$B$2:$B$5,0))))/20 -> #N/A | AH4: =1-ABS(Z4-INDEX('Jogos do Dia'!$F$2:$F$5,MATCH($A4,'Jogos do Dia'!$B$2:$B$5,0))) -> #N/A | AI4: =IF((INDEX('Jogos do Dia'!$A$2:$A$5,MATCH($A4,'Jogos do Dia'!$B$2:$B$5,0))-B4)<=10,100%,IF((INDEX('Jogos do Dia'!$A$2:$A$5,MATCH($A4,'Jogos do Dia'!$B$2:$B$5,0))-B4)<=20,85%,IF((INDEX('Jogos do Dia'!$A$2:$A$5,MATCH($A4,'Jogos do Dia'!$B$2:$B$5,0))-B4)<=30,70%,IF((INDEX('Jogos do Dia'!$A$2:$A$5,MATCH($A4,'Jogos do Dia'!$B$2:$B$5,0))-B4)<=45,50%,IF((INDEX('Jogos do Dia'!$A$2:$A$5,MATCH($A4,'Jogos do Dia'!$B$2:$B$5,0))-B4)<=90,30%,IF((INDEX('Jogos do Dia'!$A$2:$A$5,MATCH($A4,'Jogos do Dia'!$B$2:$B$5,0))-B4)<=180,15%,0%)))))) -> #N/A | AK4: =AG4*AH4*AI4 -> #N/A
W5: =IF(AND(F5>1,G5>1),"Sim","Não") -> Não | X5: =F5-G5 -> 0 | Y5: =IF(F5>G5,"V",IF(F5=G5,"E","D")) -> E | AG5: =1-(ABS(AB5-INDEX('Jogos do Dia'!$G$2:$G$5,MATCH($A5,'Jogos do Dia'!$B$2:$B$5,0)))+ABS(AC5-INDEX('Jogos do Dia'!$H$2:$H$5,MATCH($A5,'Jogos do Dia'!$B$2:$B$5,0)))+ABS(AD5-INDEX('Jogos do Dia'!$I$2:$I$5,MATCH($A5,'Jogos do Dia'!$B$2:$B$5,0)))+ABS(AE5-INDEX('Jogos do Dia'!$J$2:$J$5,MATCH($A5,'Jogos do Dia'!$B$2:$B$5,0)))+ABS(AF5-INDEX('Jogos do Dia'!$K$2:$K$5,MATCH($A5,'Jogos do Dia'!$B$2:$B$5,0))))/20 -> #N/A | AH5: =1-ABS(Z5-INDEX('Jogos do Dia'!$F$2:$F$5,MATCH($A5,'Jogos do Dia'!$B$2:$B$5,0))) -> #N/A | AI5: =IF((INDEX('Jogos do Dia'!$A$2:$A$5,MATCH($A5,'Jogos do Dia'!$B$2:$B$5,0))-B5)<=10,100%,IF((INDEX('Jogos do Dia'!$A$2:$A$5,MATCH($A5,'Jogos do Dia'!$B$2:$B$5,0))-B5)<=20,85%,IF((INDEX('Jogos do Dia'!$A$2:$A$5,MATCH($A5,'Jogos do Dia'!$B$2:$B$5,0))-B5)<=30,70%,IF((INDEX('Jogos do Dia'!$A$2:$A$5,MATCH($A5,'Jogos do Dia'!$B$2:$B$5,0))-B5)<=45,50%,IF((INDEX('Jogos do Dia'!$A$2:$A$5,MATCH($A5,'Jogos do Dia'!$B$2:$B$5,0))-B5)<=90,30%,IF((INDEX('Jogos do Dia'!$A$2:$A$5,MATCH($A5,'Jogos do Dia'!$B$2:$B$5,0))-B5)<=180,15%,0%)))))) -> #N/A | AK5: =AG5*AH5*AI5 -> #N/A
W6: =IF(AND(F6>1,G6>1),"Sim","Não") -> Não | X6: =F6-G6 -> 0 | Y6: =IF(F6>G6,"V",IF(F6=G6,"E","D")) -> E | AG6: =1-(ABS(AB6-INDEX('Jogos do Dia'!$G$2:$G$5,MATCH($A6,'Jogos do Dia'!$B$2:$B$5,0)))+ABS(AC6-INDEX('Jogos do Dia'!$H$2:$H$5,MATCH($A6,'Jogos do Dia'!$B$2:$B$5,0)))+ABS(AD6-INDEX('Jogos do Dia'!$I$2:$I$5,MATCH($A6,'Jogos do Dia'!$B$2:$B$5,0)))+ABS(AE6-INDEX('Jogos do Dia'!$J$2:$J$5,MATCH($A6,'Jogos do Dia'!$B$2:$B$5,0)))+ABS(AF6-INDEX('Jogos do Dia'!$K$2:$K$5,MATCH($A6,'Jogos do Dia'!$B$2:$B$5,0))))/20 -> #N/A | AH6: =1-ABS(Z6-INDEX('Jogos do Dia'!$F$2:$F$5,MATCH($A6,'Jogos do Dia'!$B$2:$B$5,0))) -> #N/A | AI6: =IF((INDEX('Jogos do Dia'!$A$2:$A$5,MATCH($A6,'Jogos do Dia'!$B$2:$B$5,0))-B6)<=10,100%,IF((INDEX('Jogos do Dia'!$A$2:$A$5,MATCH($A6,'Jogos do Dia'!$B$2:$B$5,0))-B6)<=20,85%,IF((INDEX('Jogos do Dia'!$A$2:$A$5,MATCH($A6,'Jogos do Dia'!$B$2:$B$5,0))-B6)<=30,70%,IF((INDEX('Jogos do Dia'!$A$2:$A$5,MATCH($A6,'Jogos do Dia'!$B$2:$B$5,0))-B6)<=45,50%,IF((INDEX('Jogos do Dia'!$A$2:$A$5,MATCH($A6,'Jogos do Dia'!$B$2:$B$5,0))-B6)<=90,30%,IF((INDEX('Jogos do Dia'!$A$2:$A$5,MATCH($A6,'Jogos do Dia'!$B$2:$B$5,0))-B6)<=180,15%,0%)))))) -> #N/A | AK6: =AG6*AH6*AI6 -> #N/A
W7: =IF(AND(F7>1,G7>1),"Sim","Não") -> Não | X7: =F7-G7 -> 0 | Y7: =IF(F7>G7,"V",IF(F7=G7,"E","D")) -> E | AG7: =1-(ABS(AB7-INDEX('Jogos do Dia'!$G$2:$G$5,MATCH($A7,'Jogos do Dia'!$B$2:$B$5,0)))+ABS(AC7-INDEX('Jogos do Dia'!$H$2:$H$5,MATCH($A7,'Jogos do Dia'!$B$2:$B$5,0)))+ABS(AD7-INDEX('Jogos do Dia'!$I$2:$I$5,MATCH($A7,'Jogos do Dia'!$B$2:$B$5,0)))+ABS(AE7-INDEX('Jogos do Dia'!$J$2:$J$5,MATCH($A7,'Jogos do Dia'!$B$2:$B$5,0)))+ABS(AF7-INDEX('Jogos do Dia'!$K$2:$K$5,MATCH($A7,'Jogos do Dia'!$B$2:$B$5,0))))/20 -> #N/A | AH7: =1-ABS(Z7-INDEX('Jogos do Dia'!$F$2:$F$5,MATCH($A7,'Jogos do Dia'!$B$2:$B$5,0))) -> #N/A | AI7: =IF((INDEX('Jogos do Dia'!$A$2:$A$5,MATCH($A7,'Jogos do Dia'!$B$2:$B$5,0))-B7)<=10,100%,IF((INDEX('Jogos do Dia'!$A$2:$A$5,MATCH($A7,'Jogos do Dia'!$B$2:$B$5,0))-B7)<=20,85%,IF((INDEX('Jogos do Dia'!$A$2:$A$5,MATCH($A7,'Jogos do Dia'!$B$2:$B$5,0))-B7)<=30,70%,IF((INDEX('Jogos do Dia'!$A$2:$A$5,MATCH($A7,'Jogos do Dia'!$B$2:$B$5,0))-B7)<=45,50%,IF((INDEX('Jogos do Dia'!$A$2:$A$5,MATCH($A7,'Jogos do Dia'!$B$2:$B$5,0))-B7)<=90,30%,IF((INDEX('Jogos do Dia'!$A$2:$A$5,MATCH($A7,'Jogos do Dia'!$B$2:$B$5,0))-B7)<=180,15%,0%)))))) -> #N/A | AK7: =AG7*AH7*AI7 -> #N/A
W8: =IF(AND(F8>1,G8>1),"Sim","Não") -> Não | X8: =F8-G8 -> 0 | Y8: =IF(F8>G8,"V",IF(F8=G8,"E","D")) -> E | AG8: =1-(ABS(AB8-INDEX('Jogos do Dia'!$G$2:$G$5,MATCH($A8,'Jogos do Dia'!$B$2:$B$5,0)))+ABS(AC8-INDEX('Jogos do Dia'!$H$2:$H$5,MATCH($A8,'Jogos do Dia'!$B$2:$B$5,0)))+ABS(AD8-INDEX('Jogos do Dia'!$I$2:$I$5,MATCH($A8,'Jogos do Dia'!$B$2:$B$5,0)))+ABS(AE8-INDEX('Jogos do Dia'!$J$2:$J$5,MATCH($A8,'Jogos do Dia'!$B$2:$B$5,0)))+ABS(AF8-INDEX('Jogos do Dia'!$K$2:$K$5,MATCH($A8,'Jogos do Dia'!$B$2:$B$5,0))))/20 -> #N/A | AH8: =1-ABS(Z8-INDEX('Jogos do Dia'!$F$2:$F$5,MATCH($A8,'Jogos do Dia'!$B$2:$B$5,0))) -> #N/A | AI8: =IF((INDEX('Jogos do Dia'!$A$2:$A$5,MATCH($A8,'Jogos do Dia'!$B$2:$B$5,0))-B8)<=10,100%,IF((INDEX('Jogos do Dia'!$A$2:$A$5,MATCH($A8,'Jogos do Dia'!$B$2:$B$5,0))-B8)<=20,85%,IF((INDEX('Jogos do Dia'!$A$2:$A$5,MATCH($A8,'Jogos do Dia'!$B$2:$B$5,0))-B8)<=30,70%,IF((INDEX('Jogos do Dia'!$A$2:$A$5,MATCH($A8,'Jogos do Dia'!$B$2:$B$5,0))-B8)<=45,50%,IF((INDEX('Jogos do Dia'!$A$2:$A$5,MATCH($A8,'Jogos do Dia'!$B$2:$B$5,0))-B8)<=90,30%,IF((INDEX('Jogos do Dia'!$A$2:$A$5,MATCH($A8,'Jogos do Dia'!$B$2:$B$5,0))-B8)<=180,15%,0%)))))) -> #N/A | AK8: =AG8*AH8*AI8 -> #N/A
W9: =IF(AND(F9>1,G9>1),"Sim","Não") -> Não | X9: =F9-G9 -> 0 | Y9: =IF(F9>G9,"V",IF(F9=G9,"E","D")) -> E | AG9: =1-(ABS(AB9-INDEX('Jogos do Dia'!$G$2:$G$5,MATCH($A9,'Jogos do Dia'!$B$2:$B$5,0)))+ABS(AC9-INDEX('Jogos do Dia'!$H$2:$H$5,MATCH($A9,'Jogos do Dia'!$B$2:$B$5,0)))+ABS(AD9-INDEX('Jogos do Dia'!$I$2:$I$5,MATCH($A9,'Jogos do Dia'!$B$2:$B$5,0)))+ABS(AE9-INDEX('Jogos do Dia'!$J$2:$J$5,MATCH($A9,'Jogos do Dia'!$B$2:$B$5,0)))+ABS(AF9-INDEX('Jogos do Dia'!$K$2:$K$5,MATCH($A9,'Jogos do Dia'!$B$2:$B$5,0))))/20 -> #N/A | AH9: =1-ABS(Z9-INDEX('Jogos do Dia'!$F$2:$F$5,MATCH($A9,'Jogos do Dia'!$B$2:$B$5,0))) -> #N/A | AI9: =IF((INDEX('Jogos do Dia'!$A$2:$A$5,MATCH($A9,'Jogos do Dia'!$B$2:$B$5,0))-B9)<=10,100%,IF((INDEX('Jogos do Dia'!$A$2:$A$5,MATCH($A9,'Jogos do Dia'!$B$2:$B$5,0))-B9)<=20,85%,IF((INDEX('Jogos do Dia'!$A$2:$A$5,MATCH($A9,'Jogos do Dia'!$B$2:$B$5,0))-B9)<=30,70%,IF((INDEX('Jogos do Dia'!$A$2:$A$5,MATCH($A9,'Jogos do Dia'!$B$2:$B$5,0))-B9)<=45,50%,IF((INDEX('Jogos do Dia'!$A$2:$A$5,MATCH($A9,'Jogos do Dia'!$B$2:$B$5,0))-B9)<=90,30%,IF((INDEX('Jogos do Dia'!$A$2:$A$5,MATCH($A9,'Jogos do Dia'!$B$2:$B$5,0))-B9)<=180,15%,0%)))))) -> #N/A | AK9: =AG9*AH9*AI9 -> #N/A
W10: =IF(AND(F10>1,G10>1),"Sim","Não") -> Não | X10: =F10-G10 -> 0 | Y10: =IF(F10>G10,"V",IF(F10=G10,"E","D")) -> E | AG10: =1-(ABS(AB10-INDEX('Jogos do Dia'!$G$2:$G$5,MATCH($A10,'Jogos do Dia'!$B$2:$B$5,0)))+ABS(AC10-INDEX('Jogos do Dia'!$H$2:$H$5,MATCH($A10,'Jogos do Dia'!$B$2:$B$5,0)))+ABS(AD10-INDEX('Jogos do Dia'!$I$2:$I$5,MATCH($A10,'Jogos do Dia'!$B$2:$B$5,0)))+ABS(AE10-INDEX('Jogos do Dia'!$J$2:$J$5,MATCH($A10,'Jogos do Dia'!$B$2:$B$5,0)))+ABS(AF10-INDEX('Jogos do Dia'!$K$2:$K$5,MATCH($A10,'Jogos do Dia'!$B$2:$B$5,0))))/20 -> #N/A | AH10: =1-ABS(Z10-INDEX('Jogos do Dia'!$F$2:$F$5,MATCH($A10,'Jogos do Dia'!$B$2:$B$5,0))) -> #N/A | AI10: =IF((INDEX('Jogos do Dia'!$A$2:$A$5,MATCH($A10,'Jogos do Dia'!$B$2:$B$5,0))-B10)<=10,100%,IF((INDEX('Jogos do Dia'!$A$2:$A$5,MATCH($A10,'Jogos do Dia'!$B$2:$B$5,0))-B10)<=20,85%,IF((INDEX('Jogos do Dia'!$A$2:$A$5,MATCH($A10,'Jogos do Dia'!$B$2:$B$5,0))-B10)<=30,70%,IF((INDEX('Jogos do Dia'!$A$2:$A$5,MATCH($A10,'Jogos do Dia'!$B$2:$B$5,0))-B10)<=45,50%,IF((INDEX('Jogos do Dia'!$A$2:$A$5,MATCH($A10,'Jogos do Dia'!$B$2:$B$5,0))-B10)<=90,30%,IF((INDEX('Jogos do Dia'!$A$2:$A$5,MATCH($A10,'Jogos do Dia'!$B$2:$B$5,0))-B10)<=180,15%,0%)))))) -> #N/A | AK10: =AG10*AH10*AI10 -> #N/A
W11: =IF(AND(F11>1,G11>1),"Sim","Não") -> Não | X11: =F11-G11 -> 0 | Y11: =IF(F11>G11,"V",IF(F11=G11,"E","D")) -> E | AG11: =1-(ABS(AB11-INDEX('Jogos do Dia'!$G$2:$G$5,MATCH($A11,'Jogos do Dia'!$B$2:$B$5,0)))+ABS(AC11-INDEX('Jogos do Dia'!$H$2:$H$5,MATCH($A11,'Jogos do Dia'!$B$2:$B$5,0)))+ABS(AD11-INDEX('Jogos do Dia'!$I$2:$I$5,MATCH($A11,'Jogos do Dia'!$B$2:$B$5,0)))+ABS(AE11-INDEX('Jogos do Dia'!$J$2:$J$5,MATCH($A11,'Jogos do Dia'!$B$2:$B$5,0)))+ABS(AF11-INDEX('Jogos do Dia'!$K$2:$K$5,MATCH($A11,'Jogos do Dia'!$B$2:$B$5,0))))/20 -> #N/A | AH11: =1-ABS(Z11-INDEX('Jogos do Dia'!$F$2:$F$5,MATCH($A11,'Jogos do Dia'!$B$2:$B$5,0))) -> #N/A | AI11: =IF((INDEX('Jogos do Dia'!$A$2:$A$5,MATCH($A11,'Jogos do Dia'!$B$2:$B$5,0))-B11)<=10,100%,IF((INDEX('Jogos do Dia'!$A$2:$A$5,MATCH($A11,'Jogos do Dia'!$B$2:$B$5,0))-B11)<=20,85%,IF((INDEX('Jogos do Dia'!$A$2:$A$5,MATCH($A11,'Jogos do Dia'!$B$2:$B$5,0))-B11)<=30,70%,IF((INDEX('Jogos do Dia'!$A$2:$A$5,MATCH($A11,'Jogos do Dia'!$B$2:$B$5,0))-B11)<=45,50%,IF((INDEX('Jogos do Dia'!$A$2:$A$5,MATCH($A11,'Jogos do Dia'!$B$2:$B$5,0))-B11)<=90,30%,IF((INDEX('Jogos do Dia'!$A$2:$A$5,MATCH($A11,'Jogos do Dia'!$B$2:$B$5,0))-B11)<=180,15%,0%)))))) -> #N/A | AK11: =AG11*AH11*AI11 -> #N/A
W12: =IF(AND(F12>1,G12>1),"Sim","Não") -> Não | X12: =F12-G12 -> 0 | Y12: =IF(F12>G12,"V",IF(F12=G12,"E","D")) -> E | AG12: =1-(ABS(AB12-INDEX('Jogos do Dia'!$G$2:$G$5,MATCH($A12,'Jogos do Dia'!$B$2:$B$5,0)))+ABS(AC12-INDEX('Jogos do Dia'!$H$2:$H$5,MATCH($A12,'Jogos do Dia'!$B$2:$B$5,0)))+ABS(AD12-INDEX('Jogos do Dia'!$I$2:$I$5,MATCH($A12,'Jogos do Dia'!$B$2:$B$5,0)))+ABS(AE12-INDEX('Jogos do Dia'!$J$2:$J$5,MATCH($A12,'Jogos do Dia'!$B$2:$B$5,0)))+ABS(AF12-INDEX('Jogos do Dia'!$K$2:$K$5,MATCH($A12,'Jogos do Dia'!$B$2:$B$5,0))))/20 -> #N/A | AH12: =1-ABS(Z12-INDEX('Jogos do Dia'!$F$2:$F$5,MATCH($A12,'Jogos do Dia'!$B$2:$B$5,0))) -> #N/A | AI12: =IF((INDEX('Jogos do Dia'!$A$2:$A$5,MATCH($A12,'Jogos do Dia'!$B$2:$B$5,0))-B12)<=10,100%,IF((INDEX('Jogos do Dia'!$A$2:$A$5,MATCH($A12,'Jogos do Dia'!$B$2:$B$5,0))-B12)<=20,85%,IF((INDEX('Jogos do Dia'!$A$2:$A$5,MATCH($A12,'Jogos do Dia'!$B$2:$B$5,0))-B12)<=30,70%,IF((INDEX('Jogos do Dia'!$A$2:$A$5,MATCH($A12,'Jogos do Dia'!$B$2:$B$5,0))-B12)<=45,50%,IF((INDEX('Jogos do Dia'!$A$2:$A$5,MATCH($A12,'Jogos do Dia'!$B$2:$B$5,0))-B12)<=90,30%,IF((INDEX('Jogos do Dia'!$A$2:$A$5,MATCH($A12,'Jogos do Dia'!$B$2:$B$5,0))-B12)<=180,15%,0%)))))) -> #N/A | AK12: =AG12*AH12*AI12 -> #N/A
W13: =IF(AND(F13>1,G13>1),"Sim","Não") -> Não | X13: =F13-G13 -> 0 | Y13: =IF(F13>G13,"V",IF(F13=G13,"E","D")) -> E | AG13: =1-(ABS(AB13-INDEX('Jogos do Dia'!$G$2:$G$5,MATCH($A13,'Jogos do Dia'!$B$2:$B$5,0)))+ABS(AC13-INDEX('Jogos do Dia'!$H$2:$H$5,MATCH($A13,'Jogos do Dia'!$B$2:$B$5,0)))+ABS(AD13-INDEX('Jogos do Dia'!$I$2:$I$5,MATCH($A13,'Jogos do Dia'!$B$2:$B$5,0)))+ABS(AE13-INDEX('Jogos do Dia'!$J$2:$J$5,MATCH($A13,'Jogos do Dia'!$B$2:$B$5,0)))+ABS(AF13-INDEX('Jogos do Dia'!$K$2:$K$5,MATCH($A13,'Jogos do Dia'!$B$2:$B$5,0))))/20 -> #N/A | AH13: =1-ABS(Z13-INDEX('Jogos do Dia'!$F$2:$F$5,MATCH($A13,'Jogos do Dia'!$B$2:$B$5,0))) -> #N/A | AI13: =IF((INDEX('Jogos do Dia'!$A$2:$A$5,MATCH($A13,'Jogos do Dia'!$B$2:$B$5,0))-B13)<=10,100%,IF((INDEX('Jogos do Dia'!$A$2:$A$5,MATCH($A13,'Jogos do Dia'!$B$2:$B$5,0))-B13)<=20,85%,IF((INDEX('Jogos do Dia'!$A$2:$A$5,MATCH($A13,'Jogos do Dia'!$B$2:$B$5,0))-B13)<=30,70%,IF((INDEX('Jogos do Dia'!$A$2:$A$5,MATCH($A13,'Jogos do Dia'!$B$2:$B$5,0))-B13)<=45,50%,IF((INDEX('Jogos do Dia'!$A$2:$A$5,MATCH($A13,'Jogos do Dia'!$B$2:$B$5,0))-B13)<=90,30%,IF((INDEX('Jogos do Dia'!$A$2:$A$5,MATCH($A13,'Jogos do Dia'!$B$2:$B$5,0))-B13)<=180,15%,0%)))))) -> #N/A | AK13: =AG13*AH13*AI13 -> #N/A
... W61: =IF(AND(F61>1,G61>1),"Sim","Não") -> Não | X61: =F61-G61 -> 0 | Y61: =IF(F61>G61,"V",IF(F61=G61,"E","D")) -> E | AG61: =1-(ABS(AB61-INDEX('Jogos do Dia'!$G$2:$G$5,MATCH($A61,'Jogos do Dia'!$B$2:$B$5,0)))+ABS(AC61-INDEX('Jogos do Dia'!$H$2:$H$5,MATCH($A61,'Jogos do Dia'!$B$2:$B$5,0)))+ABS(AD61-INDEX('Jogos do Dia'!$I$2:$I$5,MATCH($A61,'Jogos do Dia'!$B$2:$B$5,0)))+ABS(AE61-INDEX('Jogos do Dia'!$J$2:$J$5,MATCH($A61,'Jogos do Dia'!$B$2:$B$5,0)))+ABS(AF61-INDEX('Jogos do Dia'!$K$2:$K$5,MATCH($A61,'Jogos do Dia'!$B$2:$B$5,0))))/20 -> #N/A | AH61: =1-ABS(Z61-INDEX('Jogos do Dia'!$F$2:$F$5,MATCH($A61,'Jogos do Dia'!$B$2:$B$5,0))) -> #N/A | AI61: =IF((INDEX('Jogos do Dia'!$A$2:$A$5,MATCH($A61,'Jogos do Dia'!$B$2:$B$5,0))-B61)<=10,100%,IF((INDEX('Jogos do Dia'!$A$2:$A$5,MATCH($A61,'Jogos do Dia'!$B$2:$B$5,0))-B61)<=20,85%,IF((INDEX('Jogos do Dia'!$A$2:$A$5,MATCH($A61,'Jogos do Dia'!$B$2:$B$5,0))-B61)<=30,70%,IF((INDEX('Jogos do Dia'!$A$2:$A$5,MATCH($A61,'Jogos do Dia'!$B$2:$B$5,0))-B61)<=45,50%,IF((INDEX('Jogos do Dia'!$A$2:$A$5,MATCH($A61,'Jogos do Dia'!$B$2:$B$5,0))-B61)<=90,30%,IF((INDEX('Jogos do Dia'!$A$2:$A$5,MATCH($A61,'Jogos do Dia'!$B$2:$B$5,0))-B61)<=180,15%,0%)))))) -> #N/A | AK61: =AG61*AH61*AI61 -> #N/A

Sheet Jogos do Dia
A1: Data | B1: Time | C1: Adversário | D1: Estilo Time | E1: Estilo Adversário | F1: Favoristismo | G1: Bloco Baixo (1-5) | H1: Pressão Alta (1-5) | I1: Transição (1-5) | J1: Posse (1-5) | K1: Bola Parada (1-5) | L1: Ataca Fundo? (S/N) | M1: Contexto/Classificação | N1: Observações | O1: Gols Pró | P1: Gols Contra | Q1: Gols Total | R1: Cartões Pró | S1: Cartões Contra | T1: Cartões Total | U1: Escanteios Pró | V1: Escanteios Contra | W1: Escanteios Total | X1: Chutes Pró | Y1: Chutes Contra | Z1: Chutes Total | AA1: Chutes Gol Pró | AB1: Chutes Gol Contra | AC1: Chutes a gol Total | AD1: Gols 1T Pró | AE1: Gols 1T Contra | AF1: Gols 1T Total | AG1: BTTS | AH1: Confiab Filtro | AJ1: Chave
A2: 06/07/2026 | B2: Portugal | C2: Spain | D2: Posse, talento, Ronaldo | E2: Posse dominante, Yamal | F2: 0.233 | G2: 1 | H2: 5 | I2: 4 | J2: 5 | K2: 3 | L2: N | M2: Mata-mata equilibrado. Ambos posse (não bloco baixo), nenhum ataca a linha de fundo → jogo comprimido, poucos cantos, Under com leve suporte. | O2: {=IFERROR(SUMPRODUCT((Times!$A$2:$A$61=$B2)*(Times!$AG$2:$AG$61>=65%)*(Times!$AH$2:$AH$61>=65%)*Times!$F$2:$F$61*Times!$AK$2:$AK$61)/SUMPRODUCT((Times!$A$2:$A$61=$B2)*(Times!$AG$2:$AG$61>=65%)*(Times!$AH$2:$AH$61>=65%)*Times!$AK$2:$AK$61),0)} -> 0 | P2: {=IFERROR(SUMPRODUCT((Times!$A$2:$A$61=$B2)*(Times!$AG$2:$AG$61>=65%)*(Times!$AH$2:$AH$61>=65%)*Times!$G$2:$G$61*Times!$AK$2:$AK$61)/SUMPRODUCT((Times!$A$2:$A$61=$B2)*(Times!$AG$2:$AG$61>=65%)*(Times!$AH$2:$AH$61>=65%)*Times!$AK$2:$AK$61),0)} -> 0 | Q2: =Tabela26[[#This Row],[Gols Pró]]+Tabela26[[#This Row],[Gols Contra]] -> 0 | R2: {=IFERROR(_xlfn.LET(_xlpm.tm,$B2,_xlpm.vals,_xlfn._xlws.FILTER(Times!$L$2:$L$61,Times!$A$2:$A$61=_xlpm.tm),_xlpm.ag,_xlfn._xlws.FILTER(Times!$AG$2:$AG$61,Times!$A$2:$A$61=_xlpm.tm),_xlpm.ah,_xlfn._xlws.FILTER(Times!$AH$2:$AH$61,Times!$A$2:$A$61=_xlpm.tm),_xlpm.ai,_xlfn._xlws.FILTER(Times!$AI$2:$AI$61,Times!$A$2:$A$61=_xlpm.tm),_xlpm.wt,_xlpm.ag*50%+_xlpm.ah*30%+_xlpm.ai*20%,_xlpm.n,ROWS(_xlpm.vals),_xlpm.avg,AVERAGE(_xlpm.vals),_xlpm.sd,IF(_xlpm.n>1,_xlfn.STDEV.S(_xlpm.vals),0),_xlpm.mask,IF(_xlpm.n<3,_xlfn.SEQUENCE(_xlpm.n,1,1,0)=1,ABS(_xlpm.vals-_xlpm.avg)<=_xlpm.sd)*(_xlpm.ag>=65%)*(_xlpm.ah>=65%),AVERAGE(_xlfn._xlws.FILTER(_xlpm.vals*_xlpm.wt,_xlpm.mask))),0)} -> 0 | S2: {=IFERROR(_xlfn.LET(_xlpm.tm,$B2,_xlpm.vals,_xlfn._xlws.FILTER(Times!$M$2:$M$61,Times!$A$2:$A$61=_xlpm.tm),_xlpm.ag,_xlfn._xlws.FILTER(Times!$AG$2:$AG$61,Times!$A$2:$A$61=_xlpm.tm),_xlpm.ah,_xlfn._xlws.FILTER(Times!$AH$2:$AH$61,Times!$A$2:$A$61=_xlpm.tm),_xlpm.ai,_xlfn._xlws.FILTER(Times!$AI$2:$AI$61,Times!$A$2:$A$61=_xlpm.tm),_xlpm.wt,_xlpm.ag*50%+_xlpm.ah*30%+_xlpm.ai*20%,_xlpm.n,ROWS(_xlpm.vals),_xlpm.avg,AVERAGE(_xlpm.vals),_xlpm.sd,IF(_xlpm.n>1,_xlfn.STDEV.S(_xlpm.vals),0),_xlpm.mask,IF(_xlpm.n<3,_xlfn.SEQUENCE(_xlpm.n,1,1,0)=1,ABS(_xlpm.vals-_xlpm.avg)<=_xlpm.sd)*(_xlpm.ag>=65%)*(_xlpm.ah>=65%),AVERAGE(_xlfn._xlws.FILTER(_xlpm.vals*_xlpm.wt,_xlpm.mask))),0)} -> 0 | T2: =Tabela26[[#This Row],[Cartões Pró]]+Tabela26[[#This Row],[Cartões Contra]] -> 0 | U2: {=IFERROR(_xlfn.LET(_xlpm.tm,$B2,_xlpm.vals,_xlfn._xlws.FILTER(Times!$J$2:$J$61,Times!$A$2:$A$61=_xlpm.tm),_xlpm.ag,_xlfn._xlws.FILTER(Times!$AG$2:$AG$61,Times!$A$2:$A$61=_xlpm.tm),_xlpm.ah,_xlfn._xlws.FILTER(Times!$AH$2:$AH$61,Times!$A$2:$A$61=_xlpm.tm),_xlpm.ai,_xlfn._xlws.FILTER(Times!$AI$2:$AI$61,Times!$A$2:$A$61=_xlpm.tm),_xlpm.wt,_xlpm.ag*50%+_xlpm.ah*30%+_xlpm.ai*20%,_xlpm.n,ROWS(_xlpm.vals),_xlpm.avg,AVERAGE(_xlpm.vals),_xlpm.sd,IF(_xlpm.n>1,_xlfn.STDEV.S(_xlpm.vals),0),_xlpm.mask,IF(_xlpm.n<3,_xlfn.SEQUENCE(_xlpm.n,1,1,0)=1,ABS(_xlpm.vals-_xlpm.avg)<=_xlpm.sd)*(_xlpm.ag>=65%)*(_xlpm.ah>=65%),AVERAGE(_xlfn._xlws.FILTER(_xlpm.vals*_xlpm.wt,_xlpm.mask))),0)} -> 0 | V2: {=IFERROR(_xlfn.LET(_xlpm.tm,$B2,_xlpm.vals,_xlfn._xlws.FILTER(Times!$K$2:$K$61,Times!$A$2:$A$61=_xlpm.tm),_xlpm.ag,_xlfn._xlws.FILTER(Times!$AG$2:$AG$61,Times!$A$2:$A$61=_xlpm.tm),_xlpm.ah,_xlfn._xlws.FILTER(Times!$AH$2:$AH$61,Times!$A$2:$A$61=_xlpm.tm),_xlpm.ai,_xlfn._xlws.FILTER(Times!$AI$2:$AI$61,Times!$A$2:$A$61=_xlpm.tm),_xlpm.wt,_xlpm.ag*50%+_xlpm.ah*30%+_xlpm.ai*20%,_xlpm.n,ROWS(_xlpm.vals),_xlpm.avg,AVERAGE(_xlpm.vals),_xlpm.sd,IF(_xlpm.n>1,_xlfn.STDEV.S(_xlpm.vals),0),_xlpm.mask,IF(_xlpm.n<3,_xlfn.SEQUENCE(_xlpm.n,1,1,0)=1,ABS(_xlpm.vals-_xlpm.avg)<=_xlpm.sd)*(_xlpm.ag>=65%)*(_xlpm.ah>=65%),AVERAGE(_xlfn._xlws.FILTER(_xlpm.vals*_xlpm.wt,_xlpm.mask))),0)} -> 0 | W2: =Tabela26[[#This Row],[Escanteios Pró]]+Tabela26[[#This Row],[Escanteios Contra]] -> 0 | X2: {=IFERROR(_xlfn.LET(_xlpm.tm,$B2,_xlpm.vals,_xlfn._xlws.FILTER(Times!$N$2:$N$61,Times!$A$2:$A$61=_xlpm.tm),_xlpm.ag,_xlfn._xlws.FILTER(Times!$AG$2:$AG$61,Times!$A$2:$A$61=_xlpm.tm),_xlpm.ah,_xlfn._xlws.FILTER(Times!$AH$2:$AH$61,Times!$A$2:$A$61=_xlpm.tm),_xlpm.ai,_xlfn._xlws.FILTER(Times!$AI$2:$AI$61,Times!$A$2:$A$61=_xlpm.tm),_xlpm.wt,_xlpm.ag*50%+_xlpm.ah*30%+_xlpm.ai*20%,_xlpm.n,ROWS(_xlpm.vals),_xlpm.avg,AVERAGE(_xlpm.vals),_xlpm.sd,IF(_xlpm.n>1,_xlfn.STDEV.S(_xlpm.vals),0),_xlpm.mask,IF(_xlpm.n<3,_xlfn.SEQUENCE(_xlpm.n,1,1,0)=1,ABS(_xlpm.vals-_xlpm.avg)<=_xlpm.sd)*(_xlpm.ag>=65%)*(_xlpm.ah>=65%),AVERAGE(_xlfn._xlws.FILTER(_xlpm.vals*_xlpm.wt,_xlpm.mask))),0)} -> 0 | Y2: {=IFERROR(_xlfn.LET(_xlpm.tm,$B2,_xlpm.vals,_xlfn._xlws.FILTER(Times!$O$2:$O$61,Times!$A$2:$A$61=_xlpm.tm),_xlpm.ag,_xlfn._xlws.FILTER(Times!$AG$2:$AG$61,Times!$A$2:$A$61=_xlpm.tm),_xlpm.ah,_xlfn._xlws.FILTER(Times!$AH$2:$AH$61,Times!$A$2:$A$61=_xlpm.tm),_xlpm.ai,_xlfn._xlws.FILTER(Times!$AI$2:$AI$61,Times!$A$2:$A$61=_xlpm.tm),_xlpm.wt,_xlpm.ag*50%+_xlpm.ah*30%+_xlpm.ai*20%,_xlpm.n,ROWS(_xlpm.vals),_xlpm.avg,AVERAGE(_xlpm.vals),_xlpm.sd,IF(_xlpm.n>1,_xlfn.STDEV.S(_xlpm.vals),0),_xlpm.mask,IF(_xlpm.n<3,_xlfn.SEQUENCE(_xlpm.n,1,1,0)=1,ABS(_xlpm.vals-_xlpm.avg)<=_xlpm.sd)*(_xlpm.ag>=65%)*(_xlpm.ah>=65%),AVERAGE(_xlfn._xlws.FILTER(_xlpm.vals*_xlpm.wt,_xlpm.mask))),0)} -> 0 | Z2: =Tabela26[[#This Row],[Chutes Pró]]+Tabela26[[#This Row],[Chutes Contra]] -> 0 | AA2: {=IFERROR(_xlfn.LET(_xlpm.tm,$B2,_xlpm.vals,_xlfn._xlws.FILTER(Times!$P$2:$P$61,Times!$A$2:$A$61=_xlpm.tm),_xlpm.ag,_xlfn._xlws.FILTER(Times!$AG$2:$AG$61,Times!$A$2:$A$61=_xlpm.tm),_xlpm.ah,_xlfn._xlws.FILTER(Times!$AH$2:$AH$61,Times!$A$2:$A$61=_xlpm.tm),_xlpm.ai,_xlfn._xlws.FILTER(Times!$AI$2:$AI$61,Times!$A$2:$A$61=_xlpm.tm),_xlpm.wt,_xlpm.ag*50%+_xlpm.ah*30%+_xlpm.ai*20%,_xlpm.n,ROWS(_xlpm.vals),_xlpm.avg,AVERAGE(_xlpm.vals),_xlpm.sd,IF(_xlpm.n>1,_xlfn.STDEV.S(_xlpm.vals),0),_xlpm.mask,IF(_xlpm.n<3,_xlfn.SEQUENCE(_xlpm.n,1,1,0)=1,ABS(_xlpm.vals-_xlpm.avg)<=_xlpm.sd)*(_xlpm.ag>=65%)*(_xlpm.ah>=65%),AVERAGE(_xlfn._xlws.FILTER(_xlpm.vals*_xlpm.wt,_xlpm.mask))),0)} -> 0 | AB2: {=IFERROR(_xlfn.LET(_xlpm.tm,$B2,_xlpm.vals,_xlfn._xlws.FILTER(Times!$Q$2:$Q$61,Times!$A$2:$A$61=_xlpm.tm),_xlpm.ag,_xlfn._xlws.FILTER(Times!$AG$2:$AG$61,Times!$A$2:$A$61=_xlpm.tm),_xlpm.ah,_xlfn._xlws.FILTER(Times!$AH$2:$AH$61,Times!$A$2:$A$61=_xlpm.tm),_xlpm.ai,_xlfn._xlws.FILTER(Times!$AI$2:$AI$61,Times!$A$2:$A$61=_xlpm.tm),_xlpm.wt,_xlpm.ag*50%+_xlpm.ah*30%+_xlpm.ai*20%,_xlpm.n,ROWS(_xlpm.vals),_xlpm.avg,AVERAGE(_xlpm.vals),_xlpm.sd,IF(_xlpm.n>1,_xlfn.STDEV.S(_xlpm.vals),0),_xlpm.mask,IF(_xlpm.n<3,_xlfn.SEQUENCE(_xlpm.n,1,1,0)=1,ABS(_xlpm.vals-_xlpm.avg)<=_xlpm.sd)*(_xlpm.ag>=65%)*(_xlpm.ah>=65%),AVERAGE(_xlfn._xlws.FILTER(_xlpm.vals*_xlpm.wt,_xlpm.mask))),0)} -> 0 | AC2: =Tabela26[[#This Row],[Chutes Gol Pró]]+Tabela26[[#This Row],[Chutes Gol Contra]] -> 0 | AD2: {=IFERROR(_xlfn.LET(_xlpm.tm,$B2,_xlpm.vals,_xlfn._xlws.FILTER(Times!$U$2:$U$61,Times!$A$2:$A$61=_xlpm.tm),_xlpm.ag,_xlfn._xlws.FILTER(Times!$AG$2:$AG$61,Times!$A$2:$A$61=_xlpm.tm),_xlpm.ah,_xlfn._xlws.FILTER(Times!$AH$2:$AH$61,Times!$A$2:$A$61=_xlpm.tm),_xlpm.ai,_xlfn._xlws.FILTER(Times!$AI$2:$AI$61,Times!$A$2:$A$61=_xlpm.tm),_xlpm.wt,_xlpm.ag*50%+_xlpm.ah*30%+_xlpm.ai*20%,_xlpm.n,ROWS(_xlpm.vals),_xlpm.avg,AVERAGE(_xlpm.vals),_xlpm.sd,IF(_xlpm.n>1,_xlfn.STDEV.S(_xlpm.vals),0),_xlpm.mask,IF(_xlpm.n<3,_xlfn.SEQUENCE(_xlpm.n,1,1,0)=1,ABS(_xlpm.vals-_xlpm.avg)<=_xlpm.sd)*(_xlpm.ag>=65%)*(_xlpm.ah>=65%),AVERAGE(_xlfn._xlws.FILTER(_xlpm.vals*_xlpm.wt,_xlpm.mask))),0)} -> 0 | AE2: {=IFERROR(_xlfn.LET(_xlpm.tm,$B2,_xlpm.vals,_xlfn._xlws.FILTER(Times!$V$2:$V$61,Times!$A$2:$A$61=_xlpm.tm),_xlpm.ag,_xlfn._xlws.FILTER(Times!$AG$2:$AG$61,Times!$A$2:$A$61=_xlpm.tm),_xlpm.ah,_xlfn._xlws.FILTER(Times!$AH$2:$AH$61,Times!$A$2:$A$61=_xlpm.tm),_xlpm.ai,_xlfn._xlws.FILTER(Times!$AI$2:$AI$61,Times!$A$2:$A$61=_xlpm.tm),_xlpm.wt,_xlpm.ag*50%+_xlpm.ah*30%+_xlpm.ai*20%,_xlpm.n,ROWS(_xlpm.vals),_xlpm.avg,AVERAGE(_xlpm.vals),_xlpm.sd,IF(_xlpm.n>1,_xlfn.STDEV.S(_xlpm.vals),0),_xlpm.mask,IF(_xlpm.n<3,_xlfn.SEQUENCE(_xlpm.n,1,1,0)=1,ABS(_xlpm.vals-_xlpm.avg)<=_xlpm.sd)*(_xlpm.ag>=65%)*(_xlpm.ah>=65%),AVERAGE(_xlfn._xlws.FILTER(_xlpm.vals*_xlpm.wt,_xlpm.mask))),0)} -> 0 | AF2: =Tabela26[[#This Row],[Gols 1T Pró]]+Tabela26[[#This Row],[Gols 1T Contra]] -> 0 | AG2: =IF(AND(Tabela26[[#This Row],[Gols Pró]]>0.5,Tabela26[[#This Row],[Gols Contra]]>0.5),"Sim","Não") -> Não | AH2: =COUNTIFS(Tabela15[Time],Tabela26[[#This Row],[Time]],Tabela15[Aderência ao alvo (%)],">="&0.65,Tabela15[Favoritismo (preencher depois)],">="&Tabela26[[#This Row],[Favoristismo]]-0.2,Tabela15[Favoritismo (preencher depois)],"<="&Tabela26[[#This Row],[Favoristismo]]+0.2) -> 0 | AJ2: =B2&"|"&C2 -> Portugal|Spain
O3: {=IFERROR(SUMPRODUCT((Times!$A$2:$A$61=$B3)*(Times!$AG$2:$AG$61>=65%)*(Times!$AH$2:$AH$61>=65%)*Times!$F$2:$F$61*Times!$AK$2:$AK$61)/SUMPRODUCT((Times!$A$2:$A$61=$B3)*(Times!$AG$2:$AG$61>=65%)*(Times!$AH$2:$AH$61>=65%)*Times!$AK$2:$AK$61),0)} -> 0 | P3: {=IFERROR(SUMPRODUCT((Times!$A$2:$A$61=$B3)*(Times!$AG$2:$AG$61>=65%)*(Times!$AH$2:$AH$61>=65%)*Times!$G$2:$G$61*Times!$AK$2:$AK$61)/SUMPRODUCT((Times!$A$2:$A$61=$B3)*(Times!$AG$2:$AG$61>=65%)*(Times!$AH$2:$AH$61>=65%)*Times!$AK$2:$AK$61),0)} -> 0 | Q3: =Tabela26[[#This Row],[Gols Pró]]+Tabela26[[#This Row],[Gols Contra]] -> 0 | R3: {=IFERROR(_xlfn.LET(_xlpm.tm,$B3,_xlpm.vals,_xlfn._xlws.FILTER(Times!$L$2:$L$61,Times!$A$2:$A$61=_xlpm.tm),_xlpm.ag,_xlfn._xlws.FILTER(Times!$AG$2:$AG$61,Times!$A$2:$A$61=_xlpm.tm),_xlpm.ah,_xlfn._xlws.FILTER(Times!$AH$2:$AH$61,Times!$A$2:$A$61=_xlpm.tm),_xlpm.ai,_xlfn._xlws.FILTER(Times!$AI$2:$AI$61,Times!$A$2:$A$61=_xlpm.tm),_xlpm.wt,_xlpm.ag*50%+_xlpm.ah*30%+_xlpm.ai*20%,_xlpm.n,ROWS(_xlpm.vals),_xlpm.avg,AVERAGE(_xlpm.vals),_xlpm.sd,IF(_xlpm.n>1,_xlfn.STDEV.S(_xlpm.vals),0),_xlpm.mask,IF(_xlpm.n<3,_xlfn.SEQUENCE(_xlpm.n,1,1,0)=1,ABS(_xlpm.vals-_xlpm.avg)<=_xlpm.sd)*(_xlpm.ag>=65%)*(_xlpm.ah>=65%),AVERAGE(_xlfn._xlws.FILTER(_xlpm.vals*_xlpm.wt,_xlpm.mask))),0)} -> 0 | S3: {=IFERROR(_xlfn.LET(_xlpm.tm,$B3,_xlpm.vals,_xlfn._xlws.FILTER(Times!$M$2:$M$61,Times!$A$2:$A$61=_xlpm.tm),_xlpm.ag,_xlfn._xlws.FILTER(Times!$AG$2:$AG$61,Times!$A$2:$A$61=_xlpm.tm),_xlpm.ah,_xlfn._xlws.FILTER(Times!$AH$2:$AH$61,Times!$A$2:$A$61=_xlpm.tm),_xlpm.ai,_xlfn._xlws.FILTER(Times!$AI$2:$AI$61,Times!$A$2:$A$61=_xlpm.tm),_xlpm.wt,_xlpm.ag*50%+_xlpm.ah*30%+_xlpm.ai*20%,_xlpm.n,ROWS(_xlpm.vals),_xlpm.avg,AVERAGE(_xlpm.vals),_xlpm.sd,IF(_xlpm.n>1,_xlfn.STDEV.S(_xlpm.vals),0),_xlpm.mask,IF(_xlpm.n<3,_xlfn.SEQUENCE(_xlpm.n,1,1,0)=1,ABS(_xlpm.vals-_xlpm.avg)<=_xlpm.sd)*(_xlpm.ag>=65%)*(_xlpm.ah>=65%),AVERAGE(_xlfn._xlws.FILTER(_xlpm.vals*_xlpm.wt,_xlpm.mask))),0)} -> 0 | T3: =Tabela26[[#This Row],[Cartões Pró]]+Tabela26[[#This Row],[Cartões Contra]] -> 0 | U3: {=IFERROR(_xlfn.LET(_xlpm.tm,$B3,_xlpm.vals,_xlfn._xlws.FILTER(Times!$J$2:$J$61,Times!$A$2:$A$61=_xlpm.tm),_xlpm.ag,_xlfn._xlws.FILTER(Times!$AG$2:$AG$61,Times!$A$2:$A$61=_xlpm.tm),_xlpm.ah,_xlfn._xlws.FILTER(Times!$AH$2:$AH$61,Times!$A$2:$A$61=_xlpm.tm),_xlpm.ai,_xlfn._xlws.FILTER(Times!$AI$2:$AI$61,Times!$A$2:$A$61=_xlpm.tm),_xlpm.wt,_xlpm.ag*50%+_xlpm.ah*30%+_xlpm.ai*20%,_xlpm.n,ROWS(_xlpm.vals),_xlpm.avg,AVERAGE(_xlpm.vals),_xlpm.sd,IF(_xlpm.n>1,_xlfn.STDEV.S(_xlpm.vals),0),_xlpm.mask,IF(_xlpm.n<3,_xlfn.SEQUENCE(_xlpm.n,1,1,0)=1,ABS(_xlpm.vals-_xlpm.avg)<=_xlpm.sd)*(_xlpm.ag>=65%)*(_xlpm.ah>=65%),AVERAGE(_xlfn._xlws.FILTER(_xlpm.vals*_xlpm.wt,_xlpm.mask))),0)} -> 0 | V3: {=IFERROR(_xlfn.LET(_xlpm.tm,$B3,_xlpm.vals,_xlfn._xlws.FILTER(Times!$K$2:$K$61,Times!$A$2:$A$61=_xlpm.tm),_xlpm.ag,_xlfn._xlws.FILTER(Times!$AG$2:$AG$61,Times!$A$2:$A$61=_xlpm.tm),_xlpm.ah,_xlfn._xlws.FILTER(Times!$AH$2:$AH$61,Times!$A$2:$A$61=_xlpm.tm),_xlpm.ai,_xlfn._xlws.FILTER(Times!$AI$2:$AI$61,Times!$A$2:$A$61=_xlpm.tm),_xlpm.wt,_xlpm.ag*50%+_xlpm.ah*30%+_xlpm.ai*20%,_xlpm.n,ROWS(_xlpm.vals),_xlpm.avg,AVERAGE(_xlpm.vals),_xlpm.sd,IF(_xlpm.n>1,_xlfn.STDEV.S(_xlpm.vals),0),_xlpm.mask,IF(_xlpm.n<3,_xlfn.SEQUENCE(_xlpm.n,1,1,0)=1,ABS(_xlpm.vals-_xlpm.avg)<=_xlpm.sd)*(_xlpm.ag>=65%)*(_xlpm.ah>=65%),AVERAGE(_xlfn._xlws.FILTER(_xlpm.vals*_xlpm.wt,_xlpm.mask))),0)} -> 0 | W3: =Tabela26[[#This Row],[Escanteios Pró]]+Tabela26[[#This Row],[Escanteios Contra]] -> 0 | X3: {=IFERROR(_xlfn.LET(_xlpm.tm,$B3,_xlpm.vals,_xlfn._xlws.FILTER(Times!$N$2:$N$61,Times!$A$2:$A$61=_xlpm.tm),_xlpm.ag,_xlfn._xlws.FILTER(Times!$AG$2:$AG$61,Times!$A$2:$A$61=_xlpm.tm),_xlpm.ah,_xlfn._xlws.FILTER(Times!$AH$2:$AH$61,Times!$A$2:$A$61=_xlpm.tm),_xlpm.ai,_xlfn._xlws.FILTER(Times!$AI$2:$AI$61,Times!$A$2:$A$61=_xlpm.tm),_xlpm.wt,_xlpm.ag*50%+_xlpm.ah*30%+_xlpm.ai*20%,_xlpm.n,ROWS(_xlpm.vals),_xlpm.avg,AVERAGE(_xlpm.vals),_xlpm.sd,IF(_xlpm.n>1,_xlfn.STDEV.S(_xlpm.vals),0),_xlpm.mask,IF(_xlpm.n<3,_xlfn.SEQUENCE(_xlpm.n,1,1,0)=1,ABS(_xlpm.vals-_xlpm.avg)<=_xlpm.sd)*(_xlpm.ag>=65%)*(_xlpm.ah>=65%),AVERAGE(_xlfn._xlws.FILTER(_xlpm.vals*_xlpm.wt,_xlpm.mask))),0)} -> 0 | Y3: {=IFERROR(_xlfn.LET(_xlpm.tm,$B3,_xlpm.vals,_xlfn._xlws.FILTER(Times!$O$2:$O$61,Times!$A$2:$A$61=_xlpm.tm),_xlpm.ag,_xlfn._xlws.FILTER(Times!$AG$2:$AG$61,Times!$A$2:$A$61=_xlpm.tm),_xlpm.ah,_xlfn._xlws.FILTER(Times!$AH$2:$AH$61,Times!$A$2:$A$61=_xlpm.tm),_xlpm.ai,_xlfn._xlws.FILTER(Times!$AI$2:$AI$61,Times!$A$2:$A$61=_xlpm.tm),_xlpm.wt,_xlpm.ag*50%+_xlpm.ah*30%+_xlpm.ai*20%,_xlpm.n,ROWS(_xlpm.vals),_xlpm.avg,AVERAGE(_xlpm.vals),_xlpm.sd,IF(_xlpm.n>1,_xlfn.STDEV.S(_xlpm.vals),0),_xlpm.mask,IF(_xlpm.n<3,_xlfn.SEQUENCE(_xlpm.n,1,1,0)=1,ABS(_xlpm.vals-_xlpm.avg)<=_xlpm.sd)*(_xlpm.ag>=65%)*(_xlpm.ah>=65%),AVERAGE(_xlfn._xlws.FILTER(_xlpm.vals*_xlpm.wt,_xlpm.mask))),0)} -> 0 | Z3: =Tabela26[[#This Row],[Chutes Pró]]+Tabela26[[#This Row],[Chutes Contra]] -> 0 | AA3: {=IFERROR(_xlfn.LET(_xlpm.tm,$B3,_xlpm.vals,_xlfn._xlws.FILTER(Times!$P$2:$P$61,Times!$A$2:$A$61=_xlpm.tm),_xlpm.ag,_xlfn._xlws.FILTER(Times!$AG$2:$AG$61,Times!$A$2:$A$61=_xlpm.tm),_xlpm.ah,_xlfn._xlws.FILTER(Times!$AH$2:$AH$61,Times!$A$2:$A$61=_xlpm.tm),_xlpm.ai,_xlfn._xlws.FILTER(Times!$AI$2:$AI$61,Times!$A$2:$A$61=_xlpm.tm),_xlpm.wt,_xlpm.ag*50%+_xlpm.ah*30%+_xlpm.ai*20%,_xlpm.n,ROWS(_xlpm.vals),_xlpm.avg,AVERAGE(_xlpm.vals),_xlpm.sd,IF(_xlpm.n>1,_xlfn.STDEV.S(_xlpm.vals),0),_xlpm.mask,IF(_xlpm.n<3,_xlfn.SEQUENCE(_xlpm.n,1,1,0)=1,ABS(_xlpm.vals-_xlpm.avg)<=_xlpm.sd)*(_xlpm.ag>=65%)*(_xlpm.ah>=65%),AVERAGE(_xlfn._xlws.FILTER(_xlpm.vals*_xlpm.wt,_xlpm.mask))),0)} -> 0 | AB3: {=IFERROR(_xlfn.LET(_xlpm.tm,$B3,_xlpm.vals,_xlfn._xlws.FILTER(Times!$Q$2:$Q$61,Times!$A$2:$A$61=_xlpm.tm),_xlpm.ag,_xlfn._xlws.FILTER(Times!$AG$2:$AG$61,Times!$A$2:$A$61=_xlpm.tm),_xlpm.ah,_xlfn._xlws.FILTER(Times!$AH$2:$AH$61,Times!$A$2:$A$61=_xlpm.tm),_xlpm.ai,_xlfn._xlws.FILTER(Times!$AI$2:$AI$61,Times!$A$2:$A$61=_xlpm.tm),_xlpm.wt,_xlpm.ag*50%+_xlpm.ah*30%+_xlpm.ai*20%,_xlpm.n,ROWS(_xlpm.vals),_xlpm.avg,AVERAGE(_xlpm.vals),_xlpm.sd,IF(_xlpm.n>1,_xlfn.STDEV.S(_xlpm.vals),0),_xlpm.mask,IF(_xlpm.n<3,_xlfn.SEQUENCE(_xlpm.n,1,1,0)=1,ABS(_xlpm.vals-_xlpm.avg)<=_xlpm.sd)*(_xlpm.ag>=65%)*(_xlpm.ah>=65%),AVERAGE(_xlfn._xlws.FILTER(_xlpm.vals*_xlpm.wt,_xlpm.mask))),0)} -> 0 | AC3: =Tabela26[[#This Row],[Chutes Gol Pró]]+Tabela26[[#This Row],[Chutes Gol Contra]] -> 0 | AD3: {=IFERROR(_xlfn.LET(_xlpm.tm,$B3,_xlpm.vals,_xlfn._xlws.FILTER(Times!$U$2:$U$61,Times!$A$2:$A$61=_xlpm.tm),_xlpm.ag,_xlfn._xlws.FILTER(Times!$AG$2:$AG$61,Times!$A$2:$A$61=_xlpm.tm),_xlpm.ah,_xlfn._xlws.FILTER(Times!$AH$2:$AH$61,Times!$A$2:$A$61=_xlpm.tm),_xlpm.ai,_xlfn._xlws.FILTER(Times!$AI$2:$AI$61,Times!$A$2:$A$61=_xlpm.tm),_xlpm.wt,_xlpm.ag*50%+_xlpm.ah*30%+_xlpm.ai*20%,_xlpm.n,ROWS(_xlpm.vals),_xlpm.avg,AVERAGE(_xlpm.vals),_xlpm.sd,IF(_xlpm.n>1,_xlfn.STDEV.S(_xlpm.vals),0),_xlpm.mask,IF(_xlpm.n<3,_xlfn.SEQUENCE(_xlpm.n,1,1,0)=1,ABS(_xlpm.vals-_xlpm.avg)<=_xlpm.sd)*(_xlpm.ag>=65%)*(_xlpm.ah>=65%),AVERAGE(_xlfn._xlws.FILTER(_xlpm.vals*_xlpm.wt,_xlpm.mask))),0)} -> 0 | AE3: {=IFERROR(_xlfn.LET(_xlpm.tm,$B3,_xlpm.vals,_xlfn._xlws.FILTER(Times!$V$2:$V$61,Times!$A$2:$A$61=_xlpm.tm),_xlpm.ag,_xlfn._xlws.FILTER(Times!$AG$2:$AG$61,Times!$A$2:$A$61=_xlpm.tm),_xlpm.ah,_xlfn._xlws.FILTER(Times!$AH$2:$AH$61,Times!$A$2:$A$61=_xlpm.tm),_xlpm.ai,_xlfn._xlws.FILTER(Times!$AI$2:$AI$61,Times!$A$2:$A$61=_xlpm.tm),_xlpm.wt,_xlpm.ag*50%+_xlpm.ah*30%+_xlpm.ai*20%,_xlpm.n,ROWS(_xlpm.vals),_xlpm.avg,AVERAGE(_xlpm.vals),_xlpm.sd,IF(_xlpm.n>1,_xlfn.STDEV.S(_xlpm.vals),0),_xlpm.mask,IF(_xlpm.n<3,_xlfn.SEQUENCE(_xlpm.n,1,1,0)=1,ABS(_xlpm.vals-_xlpm.avg)<=_xlpm.sd)*(_xlpm.ag>=65%)*(_xlpm.ah>=65%),AVERAGE(_xlfn._xlws.FILTER(_xlpm.vals*_xlpm.wt,_xlpm.mask))),0)} -> 0 | AF3: =Tabela26[[#This Row],[Gols 1T Pró]]+Tabela26[[#This Row],[Gols 1T Contra]] -> 0 | AG3: =IF(AND(Tabela26[[#This Row],[Gols Pró]]>0.5,Tabela26[[#This Row],[Gols Contra]]>0.5),"Sim","Não") -> Não | AH3: =COUNTIFS(Tabela15[Time],Tabela26[[#This Row],[Time]],Tabela15[Aderência ao alvo (%)],">="&0.65,Tabela15[Favoritismo (preencher depois)],">="&Tabela26[[#This Row],[Favoristismo]]-0.2,Tabela15[Favoritismo (preencher depois)],"<="&Tabela26[[#This Row],[Favoristismo]]+0.2) -> 0 | AJ3: =B3&"|"&C3 -> |
O4: {=IFERROR(SUMPRODUCT((Times!$A$2:$A$61=$B4)*(Times!$AG$2:$AG$61>=65%)*(Times!$AH$2:$AH$61>=65%)*Times!$F$2:$F$61*Times!$AK$2:$AK$61)/SUMPRODUCT((Times!$A$2:$A$61=$B4)*(Times!$AG$2:$AG$61>=65%)*(Times!$AH$2:$AH$61>=65%)*Times!$AK$2:$AK$61),0)} -> 0 | P4: {=IFERROR(SUMPRODUCT((Times!$A$2:$A$61=$B4)*(Times!$AG$2:$AG$61>=65%)*(Times!$AH$2:$AH$61>=65%)*Times!$G$2:$G$61*Times!$AK$2:$AK$61)/SUMPRODUCT((Times!$A$2:$A$61=$B4)*(Times!$AG$2:$AG$61>=65%)*(Times!$AH$2:$AH$61>=65%)*Times!$AK$2:$AK$61),0)} -> 0 | Q4: =Tabela26[[#This Row],[Gols Pró]]+Tabela26[[#This Row],[Gols Contra]] -> 0 | R4: {=IFERROR(_xlfn.LET(_xlpm.tm,$B4,_xlpm.vals,_xlfn._xlws.FILTER(Times!$L$2:$L$61,Times!$A$2:$A$61=_xlpm.tm),_xlpm.ag,_xlfn._xlws.FILTER(Times!$AG$2:$AG$61,Times!$A$2:$A$61=_xlpm.tm),_xlpm.ah,_xlfn._xlws.FILTER(Times!$AH$2:$AH$61,Times!$A$2:$A$61=_xlpm.tm),_xlpm.ai,_xlfn._xlws.FILTER(Times!$AI$2:$AI$61,Times!$A$2:$A$61=_xlpm.tm),_xlpm.wt,_xlpm.ag*50%+_xlpm.ah*30%+_xlpm.ai*20%,_xlpm.n,ROWS(_xlpm.vals),_xlpm.avg,AVERAGE(_xlpm.vals),_xlpm.sd,IF(_xlpm.n>1,_xlfn.STDEV.S(_xlpm.vals),0),_xlpm.mask,IF(_xlpm.n<3,_xlfn.SEQUENCE(_xlpm.n,1,1,0)=1,ABS(_xlpm.vals-_xlpm.avg)<=_xlpm.sd)*(_xlpm.ag>=65%)*(_xlpm.ah>=65%),AVERAGE(_xlfn._xlws.FILTER(_xlpm.vals*_xlpm.wt,_xlpm.mask))),0)} -> 0 | S4: {=IFERROR(_xlfn.LET(_xlpm.tm,$B4,_xlpm.vals,_xlfn._xlws.FILTER(Times!$M$2:$M$61,Times!$A$2:$A$61=_xlpm.tm),_xlpm.ag,_xlfn._xlws.FILTER(Times!$AG$2:$AG$61,Times!$A$2:$A$61=_xlpm.tm),_xlpm.ah,_xlfn._xlws.FILTER(Times!$AH$2:$AH$61,Times!$A$2:$A$61=_xlpm.tm),_xlpm.ai,_xlfn._xlws.FILTER(Times!$AI$2:$AI$61,Times!$A$2:$A$61=_xlpm.tm),_xlpm.wt,_xlpm.ag*50%+_xlpm.ah*30%+_xlpm.ai*20%,_xlpm.n,ROWS(_xlpm.vals),_xlpm.avg,AVERAGE(_xlpm.vals),_xlpm.sd,IF(_xlpm.n>1,_xlfn.STDEV.S(_xlpm.vals),0),_xlpm.mask,IF(_xlpm.n<3,_xlfn.SEQUENCE(_xlpm.n,1,1,0)=1,ABS(_xlpm.vals-_xlpm.avg)<=_xlpm.sd)*(_xlpm.ag>=65%)*(_xlpm.ah>=65%),AVERAGE(_xlfn._xlws.FILTER(_xlpm.vals*_xlpm.wt,_xlpm.mask))),0)} -> 0 | T4: =Tabela26[[#This Row],[Cartões Pró]]+Tabela26[[#This Row],[Cartões Contra]] -> 0 | U4: {=IFERROR(_xlfn.LET(_xlpm.tm,$B4,_xlpm.vals,_xlfn._xlws.FILTER(Times!$J$2:$J$61,Times!$A$2:$A$61=_xlpm.tm),_xlpm.ag,_xlfn._xlws.FILTER(Times!$AG$2:$AG$61,Times!$A$2:$A$61=_xlpm.tm),_xlpm.ah,_xlfn._xlws.FILTER(Times!$AH$2:$AH$61,Times!$A$2:$A$61=_xlpm.tm),_xlpm.ai,_xlfn._xlws.FILTER(Times!$AI$2:$AI$61,Times!$A$2:$A$61=_xlpm.tm),_xlpm.wt,_xlpm.ag*50%+_xlpm.ah*30%+_xlpm.ai*20%,_xlpm.n,ROWS(_xlpm.vals),_xlpm.avg,AVERAGE(_xlpm.vals),_xlpm.sd,IF(_xlpm.n>1,_xlfn.STDEV.S(_xlpm.vals),0),_xlpm.mask,IF(_xlpm.n<3,_xlfn.SEQUENCE(_xlpm.n,1,1,0)=1,ABS(_xlpm.vals-_xlpm.avg)<=_xlpm.sd)*(_xlpm.ag>=65%)*(_xlpm.ah>=65%),AVERAGE(_xlfn._xlws.FILTER(_xlpm.vals*_xlpm.wt,_xlpm.mask))),0)} -> 0 | V4: {=IFERROR(_xlfn.LET(_xlpm.tm,$B4,_xlpm.vals,_xlfn._xlws.FILTER(Times!$K$2:$K$61,Times!$A$2:$A$61=_xlpm.tm),_xlpm.ag,_xlfn._xlws.FILTER(Times!$AG$2:$AG$61,Times!$A$2:$A$61=_xlpm.tm),_xlpm.ah,_xlfn._xlws.FILTER(Times!$AH$2:$AH$61,Times!$A$2:$A$61=_xlpm.tm),_xlpm.ai,_xlfn._xlws.FILTER(Times!$AI$2:$AI$61,Times!$A$2:$A$61=_xlpm.tm),_xlpm.wt,_xlpm.ag*50%+_xlpm.ah*30%+_xlpm.ai*20%,_xlpm.n,ROWS(_xlpm.vals),_xlpm.avg,AVERAGE(_xlpm.vals),_xlpm.sd,IF(_xlpm.n>1,_xlfn.STDEV.S(_xlpm.vals),0),_xlpm.mask,IF(_xlpm.n<3,_xlfn.SEQUENCE(_xlpm.n,1,1,0)=1,ABS(_xlpm.vals-_xlpm.avg)<=_xlpm.sd)*(_xlpm.ag>=65%)*(_xlpm.ah>=65%),AVERAGE(_xlfn._xlws.FILTER(_xlpm.vals*_xlpm.wt,_xlpm.mask))),0)} -> 0 | W4: =Tabela26[[#This Row],[Escanteios Pró]]+Tabela26[[#This Row],[Escanteios Contra]] -> 0 | X4: {=IFERROR(_xlfn.LET(_xlpm.tm,$B4,_xlpm.vals,_xlfn._xlws.FILTER(Times!$N$2:$N$61,Times!$A$2:$A$61=_xlpm.tm),_xlpm.ag,_xlfn._xlws.FILTER(Times!$AG$2:$AG$61,Times!$A$2:$A$61=_xlpm.tm),_xlpm.ah,_xlfn._xlws.FILTER(Times!$AH$2:$AH$61,Times!$A$2:$A$61=_xlpm.tm),_xlpm.ai,_xlfn._xlws.FILTER(Times!$AI$2:$AI$61,Times!$A$2:$A$61=_xlpm.tm),_xlpm.wt,_xlpm.ag*50%+_xlpm.ah*30%+_xlpm.ai*20%,_xlpm.n,ROWS(_xlpm.vals),_xlpm.avg,AVERAGE(_xlpm.vals),_xlpm.sd,IF(_xlpm.n>1,_xlfn.STDEV.S(_xlpm.vals),0),_xlpm.mask,IF(_xlpm.n<3,_xlfn.SEQUENCE(_xlpm.n,1,1,0)=1,ABS(_xlpm.vals-_xlpm.avg)<=_xlpm.sd)*(_xlpm.ag>=65%)*(_xlpm.ah>=65%),AVERAGE(_xlfn._xlws.FILTER(_xlpm.vals*_xlpm.wt,_xlpm.mask))),0)} -> 0 | Y4: {=IFERROR(_xlfn.LET(_xlpm.tm,$B4,_xlpm.vals,_xlfn._xlws.FILTER(Times!$O$2:$O$61,Times!$A$2:$A$61=_xlpm.tm),_xlpm.ag,_xlfn._xlws.FILTER(Times!$AG$2:$AG$61,Times!$A$2:$A$61=_xlpm.tm),_xlpm.ah,_xlfn._xlws.FILTER(Times!$AH$2:$AH$61,Times!$A$2:$A$61=_xlpm.tm),_xlpm.ai,_xlfn._xlws.FILTER(Times!$AI$2:$AI$61,Times!$A$2:$A$61=_xlpm.tm),_xlpm.wt,_xlpm.ag*50%+_xlpm.ah*30%+_xlpm.ai*20%,_xlpm.n,ROWS(_xlpm.vals),_xlpm.avg,AVERAGE(_xlpm.vals),_xlpm.sd,IF(_xlpm.n>1,_xlfn.STDEV.S(_xlpm.vals),0),_xlpm.mask,IF(_xlpm.n<3,_xlfn.SEQUENCE(_xlpm.n,1,1,0)=1,ABS(_xlpm.vals-_xlpm.avg)<=_xlpm.sd)*(_xlpm.ag>=65%)*(_xlpm.ah>=65%),AVERAGE(_xlfn._xlws.FILTER(_xlpm.vals*_xlpm.wt,_xlpm.mask))),0)} -> 0 | Z4: =Tabela26[[#This Row],[Chutes Pró]]+Tabela26[[#This Row],[Chutes Contra]] -> 0 | AA4: {=IFERROR(_xlfn.LET(_xlpm.tm,$B4,_xlpm.vals,_xlfn._xlws.FILTER(Times!$P$2:$P$61,Times!$A$2:$A$61=_xlpm.tm),_xlpm.ag,_xlfn._xlws.FILTER(Times!$AG$2:$AG$61,Times!$A$2:$A$61=_xlpm.tm),_xlpm.ah,_xlfn._xlws.FILTER(Times!$AH$2:$AH$61,Times!$A$2:$A$61=_xlpm.tm),_xlpm.ai,_xlfn._xlws.FILTER(Times!$AI$2:$AI$61,Times!$A$2:$A$61=_xlpm.tm),_xlpm.wt,_xlpm.ag*50%+_xlpm.ah*30%+_xlpm.ai*20%,_xlpm.n,ROWS(_xlpm.vals),_xlpm.avg,AVERAGE(_xlpm.vals),_xlpm.sd,IF(_xlpm.n>1,_xlfn.STDEV.S(_xlpm.vals),0),_xlpm.mask,IF(_xlpm.n<3,_xlfn.SEQUENCE(_xlpm.n,1,1,0)=1,ABS(_xlpm.vals-_xlpm.avg)<=_xlpm.sd)*(_xlpm.ag>=65%)*(_xlpm.ah>=65%),AVERAGE(_xlfn._xlws.FILTER(_xlpm.vals*_xlpm.wt,_xlpm.mask))),0)} -> 0 | AB4: {=IFERROR(_xlfn.LET(_xlpm.tm,$B4,_xlpm.vals,_xlfn._xlws.FILTER(Times!$Q$2:$Q$61,Times!$A$2:$A$61=_xlpm.tm),_xlpm.ag,_xlfn._xlws.FILTER(Times!$AG$2:$AG$61,Times!$A$2:$A$61=_xlpm.tm),_xlpm.ah,_xlfn._xlws.FILTER(Times!$AH$2:$AH$61,Times!$A$2:$A$61=_xlpm.tm),_xlpm.ai,_xlfn._xlws.FILTER(Times!$AI$2:$AI$61,Times!$A$2:$A$61=_xlpm.tm),_xlpm.wt,_xlpm.ag*50%+_xlpm.ah*30%+_xlpm.ai*20%,_xlpm.n,ROWS(_xlpm.vals),_xlpm.avg,AVERAGE(_xlpm.vals),_xlpm.sd,IF(_xlpm.n>1,_xlfn.STDEV.S(_xlpm.vals),0),_xlpm.mask,IF(_xlpm.n<3,_xlfn.SEQUENCE(_xlpm.n,1,1,0)=1,ABS(_xlpm.vals-_xlpm.avg)<=_xlpm.sd)*(_xlpm.ag>=65%)*(_xlpm.ah>=65%),AVERAGE(_xlfn._xlws.FILTER(_xlpm.vals*_xlpm.wt,_xlpm.mask))),0)} -> 0 | AC4: =Tabela26[[#This Row],[Chutes Gol Pró]]+Tabela26[[#This Row],[Chutes Gol Contra]] -> 0 | AD4: {=IFERROR(_xlfn.LET(_xlpm.tm,$B4,_xlpm.vals,_xlfn._xlws.FILTER(Times!$U$2:$U$61,Times!$A$2:$A$61=_xlpm.tm),_xlpm.ag,_xlfn._xlws.FILTER(Times!$AG$2:$AG$61,Times!$A$2:$A$61=_xlpm.tm),_xlpm.ah,_xlfn._xlws.FILTER(Times!$AH$2:$AH$61,Times!$A$2:$A$61=_xlpm.tm),_xlpm.ai,_xlfn._xlws.FILTER(Times!$AI$2:$AI$61,Times!$A$2:$A$61=_xlpm.tm),_xlpm.wt,_xlpm.ag*50%+_xlpm.ah*30%+_xlpm.ai*20%,_xlpm.n,ROWS(_xlpm.vals),_xlpm.avg,AVERAGE(_xlpm.vals),_xlpm.sd,IF(_xlpm.n>1,_xlfn.STDEV.S(_xlpm.vals),0),_xlpm.mask,IF(_xlpm.n<3,_xlfn.SEQUENCE(_xlpm.n,1,1,0)=1,ABS(_xlpm.vals-_xlpm.avg)<=_xlpm.sd)*(_xlpm.ag>=65%)*(_xlpm.ah>=65%),AVERAGE(_xlfn._xlws.FILTER(_xlpm.vals*_xlpm.wt,_xlpm.mask))),0)} -> 0 | AE4: {=IFERROR(_xlfn.LET(_xlpm.tm,$B4,_xlpm.vals,_xlfn._xlws.FILTER(Times!$V$2:$V$61,Times!$A$2:$A$61=_xlpm.tm),_xlpm.ag,_xlfn._xlws.FILTER(Times!$AG$2:$AG$61,Times!$A$2:$A$61=_xlpm.tm),_xlpm.ah,_xlfn._xlws.FILTER(Times!$AH$2:$AH$61,Times!$A$2:$A$61=_xlpm.tm),_xlpm.ai,_xlfn._xlws.FILTER(Times!$AI$2:$AI$61,Times!$A$2:$A$61=_xlpm.tm),_xlpm.wt,_xlpm.ag*50%+_xlpm.ah*30%+_xlpm.ai*20%,_xlpm.n,ROWS(_xlpm.vals),_xlpm.avg,AVERAGE(_xlpm.vals),_xlpm.sd,IF(_xlpm.n>1,_xlfn.STDEV.S(_xlpm.vals),0),_xlpm.mask,IF(_xlpm.n<3,_xlfn.SEQUENCE(_xlpm.n,1,1,0)=1,ABS(_xlpm.vals-_xlpm.avg)<=_xlpm.sd)*(_xlpm.ag>=65%)*(_xlpm.ah>=65%),AVERAGE(_xlfn._xlws.FILTER(_xlpm.vals*_xlpm.wt,_xlpm.mask))),0)} -> 0 | AF4: =Tabela26[[#This Row],[Gols 1T Pró]]+Tabela26[[#This Row],[Gols 1T Contra]] -> 0 | AG4: =IF(AND(Tabela26[[#This Row],[Gols Pró]]>0.5,Tabela26[[#This Row],[Gols Contra]]>0.5),"Sim","Não") -> Não | AH4: =COUNTIFS(Tabela15[Time],Tabela26[[#This Row],[Time]],Tabela15[Aderência ao alvo (%)],">="&0.65,Tabela15[Favoritismo (preencher depois)],">="&Tabela26[[#This Row],[Favoristismo]]-0.2,Tabela15[Favoritismo (preencher depois)],"<="&Tabela26[[#This Row],[Favoristismo]]+0.2) -> 0 | AJ4: =B4&"|"&C4 -> |
O5: {=IFERROR(SUMPRODUCT((Times!$A$2:$A$61=$B5)*(Times!$AG$2:$AG$61>=65%)*(Times!$AH$2:$AH$61>=65%)*Times!$F$2:$F$61*Times!$AK$2:$AK$61)/SUMPRODUCT((Times!$A$2:$A$61=$B5)*(Times!$AG$2:$AG$61>=65%)*(Times!$AH$2:$AH$61>=65%)*Times!$AK$2:$AK$61),0)} -> 0 | P5: {=IFERROR(SUMPRODUCT((Times!$A$2:$A$61=$B5)*(Times!$AG$2:$AG$61>=65%)*(Times!$AH$2:$AH$61>=65%)*Times!$G$2:$G$61*Times!$AK$2:$AK$61)/SUMPRODUCT((Times!$A$2:$A$61=$B5)*(Times!$AG$2:$AG$61>=65%)*(Times!$AH$2:$AH$61>=65%)*Times!$AK$2:$AK$61),0)} -> 0 | Q5: =Tabela26[[#This Row],[Gols Pró]]+Tabela26[[#This Row],[Gols Contra]] -> 0 | R5: {=IFERROR(_xlfn.LET(_xlpm.tm,$B5,_xlpm.vals,_xlfn._xlws.FILTER(Times!$L$2:$L$61,Times!$A$2:$A$61=_xlpm.tm),_xlpm.ag,_xlfn._xlws.FILTER(Times!$AG$2:$AG$61,Times!$A$2:$A$61=_xlpm.tm),_xlpm.ah,_xlfn._xlws.FILTER(Times!$AH$2:$AH$61,Times!$A$2:$A$61=_xlpm.tm),_xlpm.ai,_xlfn._xlws.FILTER(Times!$AI$2:$AI$61,Times!$A$2:$A$61=_xlpm.tm),_xlpm.wt,_xlpm.ag*50%+_xlpm.ah*30%+_xlpm.ai*20%,_xlpm.n,ROWS(_xlpm.vals),_xlpm.avg,AVERAGE(_xlpm.vals),_xlpm.sd,IF(_xlpm.n>1,_xlfn.STDEV.S(_xlpm.vals),0),_xlpm.mask,IF(_xlpm.n<3,_xlfn.SEQUENCE(_xlpm.n,1,1,0)=1,ABS(_xlpm.vals-_xlpm.avg)<=_xlpm.sd)*(_xlpm.ag>=65%)*(_xlpm.ah>=65%),AVERAGE(_xlfn._xlws.FILTER(_xlpm.vals*_xlpm.wt,_xlpm.mask))),0)} -> 0 | S5: {=IFERROR(_xlfn.LET(_xlpm.tm,$B5,_xlpm.vals,_xlfn._xlws.FILTER(Times!$M$2:$M$61,Times!$A$2:$A$61=_xlpm.tm),_xlpm.ag,_xlfn._xlws.FILTER(Times!$AG$2:$AG$61,Times!$A$2:$A$61=_xlpm.tm),_xlpm.ah,_xlfn._xlws.FILTER(Times!$AH$2:$AH$61,Times!$A$2:$A$61=_xlpm.tm),_xlpm.ai,_xlfn._xlws.FILTER(Times!$AI$2:$AI$61,Times!$A$2:$A$61=_xlpm.tm),_xlpm.wt,_xlpm.ag*50%+_xlpm.ah*30%+_xlpm.ai*20%,_xlpm.n,ROWS(_xlpm.vals),_xlpm.avg,AVERAGE(_xlpm.vals),_xlpm.sd,IF(_xlpm.n>1,_xlfn.STDEV.S(_xlpm.vals),0),_xlpm.mask,IF(_xlpm.n<3,_xlfn.SEQUENCE(_xlpm.n,1,1,0)=1,ABS(_xlpm.vals-_xlpm.avg)<=_xlpm.sd)*(_xlpm.ag>=65%)*(_xlpm.ah>=65%),AVERAGE(_xlfn._xlws.FILTER(_xlpm.vals*_xlpm.wt,_xlpm.mask))),0)} -> 0 | T5: =Tabela26[[#This Row],[Cartões Pró]]+Tabela26[[#This Row],[Cartões Contra]] -> 0 | U5: {=IFERROR(_xlfn.LET(_xlpm.tm,$B5,_xlpm.vals,_xlfn._xlws.FILTER(Times!$J$2:$J$61,Times!$A$2:$A$61=_xlpm.tm),_xlpm.ag,_xlfn._xlws.FILTER(Times!$AG$2:$AG$61,Times!$A$2:$A$61=_xlpm.tm),_xlpm.ah,_xlfn._xlws.FILTER(Times!$AH$2:$AH$61,Times!$A$2:$A$61=_xlpm.tm),_xlpm.ai,_xlfn._xlws.FILTER(Times!$AI$2:$AI$61,Times!$A$2:$A$61=_xlpm.tm),_xlpm.wt,_xlpm.ag*50%+_xlpm.ah*30%+_xlpm.ai*20%,_xlpm.n,ROWS(_xlpm.vals),_xlpm.avg,AVERAGE(_xlpm.vals),_xlpm.sd,IF(_xlpm.n>1,_xlfn.STDEV.S(_xlpm.vals),0),_xlpm.mask,IF(_xlpm.n<3,_xlfn.SEQUENCE(_xlpm.n,1,1,0)=1,ABS(_xlpm.vals-_xlpm.avg)<=_xlpm.sd)*(_xlpm.ag>=65%)*(_xlpm.ah>=65%),AVERAGE(_xlfn._xlws.FILTER(_xlpm.vals*_xlpm.wt,_xlpm.mask))),0)} -> 0 | V5: {=IFERROR(_xlfn.LET(_xlpm.tm,$B5,_xlpm.vals,_xlfn._xlws.FILTER(Times!$K$2:$K$61,Times!$A$2:$A$61=_xlpm.tm),_xlpm.ag,_xlfn._xlws.FILTER(Times!$AG$2:$AG$61,Times!$A$2:$A$61=_xlpm.tm),_xlpm.ah,_xlfn._xlws.FILTER(Times!$AH$2:$AH$61,Times!$A$2:$A$61=_xlpm.tm),_xlpm.ai,_xlfn._xlws.FILTER(Times!$AI$2:$AI$61,Times!$A$2:$A$61=_xlpm.tm),_xlpm.wt,_xlpm.ag*50%+_xlpm.ah*30%+_xlpm.ai*20%,_xlpm.n,ROWS(_xlpm.vals),_xlpm.avg,AVERAGE(_xlpm.vals),_xlpm.sd,IF(_xlpm.n>1,_xlfn.STDEV.S(_xlpm.vals),0),_xlpm.mask,IF(_xlpm.n<3,_xlfn.SEQUENCE(_xlpm.n,1,1,0)=1,ABS(_xlpm.vals-_xlpm.avg)<=_xlpm.sd)*(_xlpm.ag>=65%)*(_xlpm.ah>=65%),AVERAGE(_xlfn._xlws.FILTER(_xlpm.vals*_xlpm.wt,_xlpm.mask))),0)} -> 0 | W5: =Tabela26[[#This Row],[Escanteios Pró]]+Tabela26[[#This Row],[Escanteios Contra]] -> 0 | X5: {=IFERROR(_xlfn.LET(_xlpm.tm,$B5,_xlpm.vals,_xlfn._xlws.FILTER(Times!$N$2:$N$61,Times!$A$2:$A$61=_xlpm.tm),_xlpm.ag,_xlfn._xlws.FILTER(Times!$AG$2:$AG$61,Times!$A$2:$A$61=_xlpm.tm),_xlpm.ah,_xlfn._xlws.FILTER(Times!$AH$2:$AH$61,Times!$A$2:$A$61=_xlpm.tm),_xlpm.ai,_xlfn._xlws.FILTER(Times!$AI$2:$AI$61,Times!$A$2:$A$61=_xlpm.tm),_xlpm.wt,_xlpm.ag*50%+_xlpm.ah*30%+_xlpm.ai*20%,_xlpm.n,ROWS(_xlpm.vals),_xlpm.avg,AVERAGE(_xlpm.vals),_xlpm.sd,IF(_xlpm.n>1,_xlfn.STDEV.S(_xlpm.vals),0),_xlpm.mask,IF(_xlpm.n<3,_xlfn.SEQUENCE(_xlpm.n,1,1,0)=1,ABS(_xlpm.vals-_xlpm.avg)<=_xlpm.sd)*(_xlpm.ag>=65%)*(_xlpm.ah>=65%),AVERAGE(_xlfn._xlws.FILTER(_xlpm.vals*_xlpm.wt,_xlpm.mask))),0)} -> 0 | Y5: {=IFERROR(_xlfn.LET(_xlpm.tm,$B5,_xlpm.vals,_xlfn._xlws.FILTER(Times!$O$2:$O$61,Times!$A$2:$A$61=_xlpm.tm),_xlpm.ag,_xlfn._xlws.FILTER(Times!$AG$2:$AG$61,Times!$A$2:$A$61=_xlpm.tm),_xlpm.ah,_xlfn._xlws.FILTER(Times!$AH$2:$AH$61,Times!$A$2:$A$61=_xlpm.tm),_xlpm.ai,_xlfn._xlws.FILTER(Times!$AI$2:$AI$61,Times!$A$2:$A$61=_xlpm.tm),_xlpm.wt,_xlpm.ag*50%+_xlpm.ah*30%+_xlpm.ai*20%,_xlpm.n,ROWS(_xlpm.vals),_xlpm.avg,AVERAGE(_xlpm.vals),_xlpm.sd,IF(_xlpm.n>1,_xlfn.STDEV.S(_xlpm.vals),0),_xlpm.mask,IF(_xlpm.n<3,_xlfn.SEQUENCE(_xlpm.n,1,1,0)=1,ABS(_xlpm.vals-_xlpm.avg)<=_xlpm.sd)*(_xlpm.ag>=65%)*(_xlpm.ah>=65%),AVERAGE(_xlfn._xlws.FILTER(_xlpm.vals*_xlpm.wt,_xlpm.mask))),0)} -> 0 | Z5: =Tabela26[[#This Row],[Chutes Pró]]+Tabela26[[#This Row],[Chutes Contra]] -> 0 | AA5: {=IFERROR(_xlfn.LET(_xlpm.tm,$B5,_xlpm.vals,_xlfn._xlws.FILTER(Times!$P$2:$P$61,Times!$A$2:$A$61=_xlpm.tm),_xlpm.ag,_xlfn._xlws.FILTER(Times!$AG$2:$AG$61,Times!$A$2:$A$61=_xlpm.tm),_xlpm.ah,_xlfn._xlws.FILTER(Times!$AH$2:$AH$61,Times!$A$2:$A$61=_xlpm.tm),_xlpm.ai,_xlfn._xlws.FILTER(Times!$AI$2:$AI$61,Times!$A$2:$A$61=_xlpm.tm),_xlpm.wt,_xlpm.ag*50%+_xlpm.ah*30%+_xlpm.ai*20%,_xlpm.n,ROWS(_xlpm.vals),_xlpm.avg,AVERAGE(_xlpm.vals),_xlpm.sd,IF(_xlpm.n>1,_xlfn.STDEV.S(_xlpm.vals),0),_xlpm.mask,IF(_xlpm.n<3,_xlfn.SEQUENCE(_xlpm.n,1,1,0)=1,ABS(_xlpm.vals-_xlpm.avg)<=_xlpm.sd)*(_xlpm.ag>=65%)*(_xlpm.ah>=65%),AVERAGE(_xlfn._xlws.FILTER(_xlpm.vals*_xlpm.wt,_xlpm.mask))),0)} -> 0 | AB5: {=IFERROR(_xlfn.LET(_xlpm.tm,$B5,_xlpm.vals,_xlfn._xlws.FILTER(Times!$Q$2:$Q$61,Times!$A$2:$A$61=_xlpm.tm),_xlpm.ag,_xlfn._xlws.FILTER(Times!$AG$2:$AG$61,Times!$A$2:$A$61=_xlpm.tm),_xlpm.ah,_xlfn._xlws.FILTER(Times!$AH$2:$AH$61,Times!$A$2:$A$61=_xlpm.tm),_xlpm.ai,_xlfn._xlws.FILTER(Times!$AI$2:$AI$61,Times!$A$2:$A$61=_xlpm.tm),_xlpm.wt,_xlpm.ag*50%+_xlpm.ah*30%+_xlpm.ai*20%,_xlpm.n,ROWS(_xlpm.vals),_xlpm.avg,AVERAGE(_xlpm.vals),_xlpm.sd,IF(_xlpm.n>1,_xlfn.STDEV.S(_xlpm.vals),0),_xlpm.mask,IF(_xlpm.n<3,_xlfn.SEQUENCE(_xlpm.n,1,1,0)=1,ABS(_xlpm.vals-_xlpm.avg)<=_xlpm.sd)*(_xlpm.ag>=65%)*(_xlpm.ah>=65%),AVERAGE(_xlfn._xlws.FILTER(_xlpm.vals*_xlpm.wt,_xlpm.mask))),0)} -> 0 | AC5: =Tabela26[[#This Row],[Chutes Gol Pró]]+Tabela26[[#This Row],[Chutes Gol Contra]] -> 0 | AD5: {=IFERROR(_xlfn.LET(_xlpm.tm,$B5,_xlpm.vals,_xlfn._xlws.FILTER(Times!$U$2:$U$61,Times!$A$2:$A$61=_xlpm.tm),_xlpm.ag,_xlfn._xlws.FILTER(Times!$AG$2:$AG$61,Times!$A$2:$A$61=_xlpm.tm),_xlpm.ah,_xlfn._xlws.FILTER(Times!$AH$2:$AH$61,Times!$A$2:$A$61=_xlpm.tm),_xlpm.ai,_xlfn._xlws.FILTER(Times!$AI$2:$AI$61,Times!$A$2:$A$61=_xlpm.tm),_xlpm.wt,_xlpm.ag*50%+_xlpm.ah*30%+_xlpm.ai*20%,_xlpm.n,ROWS(_xlpm.vals),_xlpm.avg,AVERAGE(_xlpm.vals),_xlpm.sd,IF(_xlpm.n>1,_xlfn.STDEV.S(_xlpm.vals),0),_xlpm.mask,IF(_xlpm.n<3,_xlfn.SEQUENCE(_xlpm.n,1,1,0)=1,ABS(_xlpm.vals-_xlpm.avg)<=_xlpm.sd)*(_xlpm.ag>=65%)*(_xlpm.ah>=65%),AVERAGE(_xlfn._xlws.FILTER(_xlpm.vals*_xlpm.wt,_xlpm.mask))),0)} -> 0 | AE5: {=IFERROR(_xlfn.LET(_xlpm.tm,$B5,_xlpm.vals,_xlfn._xlws.FILTER(Times!$V$2:$V$61,Times!$A$2:$A$61=_xlpm.tm),_xlpm.ag,_xlfn._xlws.FILTER(Times!$AG$2:$AG$61,Times!$A$2:$A$61=_xlpm.tm),_xlpm.ah,_xlfn._xlws.FILTER(Times!$AH$2:$AH$61,Times!$A$2:$A$61=_xlpm.tm),_xlpm.ai,_xlfn._xlws.FILTER(Times!$AI$2:$AI$61,Times!$A$2:$A$61=_xlpm.tm),_xlpm.wt,_xlpm.ag*50%+_xlpm.ah*30%+_xlpm.ai*20%,_xlpm.n,ROWS(_xlpm.vals),_xlpm.avg,AVERAGE(_xlpm.vals),_xlpm.sd,IF(_xlpm.n>1,_xlfn.STDEV.S(_xlpm.vals),0),_xlpm.mask,IF(_xlpm.n<3,_xlfn.SEQUENCE(_xlpm.n,1,1,0)=1,ABS(_xlpm.vals-_xlpm.avg)<=_xlpm.sd)*(_xlpm.ag>=65%)*(_xlpm.ah>=65%),AVERAGE(_xlfn._xlws.FILTER(_xlpm.vals*_xlpm.wt,_xlpm.mask))),0)} -> 0 | AF5: =Tabela26[[#This Row],[Gols 1T Pró]]+Tabela26[[#This Row],[Gols 1T Contra]] -> 0 | AG5: =IF(AND(Tabela26[[#This Row],[Gols Pró]]>0.5,Tabela26[[#This Row],[Gols Contra]]>0.5),"Sim","Não") -> Não | AH5: =COUNTIFS(Tabela15[Time],Tabela26[[#This Row],[Time]],Tabela15[Aderência ao alvo (%)],">="&0.65,Tabela15[Favoritismo (preencher depois)],">="&Tabela26[[#This Row],[Favoristismo]]-0.2,Tabela15[Favoritismo (preencher depois)],"<="&Tabela26[[#This Row],[Favoristismo]]+0.2) -> 0 | AJ5: =B5&"|"&C5 -> |

Sheet Mercados
A1: Jogo | B1: Mercado | C1: Tipo | D1: Critério 1 | E1: Critério 2 | F1: P.Plan | G1: P.Font | H1: P.Mkt | I1: P.Comb | J1: Odd Gatilho | K1: Odd Mercado | L1: Edge | M1: Veredito | N1: Odd Betano | O1: Veredito Betano | P1: Stake | Q1: Critérios | R1: TimeA | S1: TimeB | T1: λ_A | U1: λ_B
F2: {=IFERROR(_xlfn.LET(_xlpm.critOne,D2,_xlpm.critTwo,E2,_xlpm.la,MAX(0,T2),_xlpm.lb,MAX(0,U2),_xlpm.g,_xlfn.SEQUENCE(21,,0),_xlpm.x,_xlpm.g,_xlpm.y,TRANSPOSE(_xlpm.g),_xlpm.p,_xlfn.POISSON.DIST(_xlpm.x,_xlpm.la,FALSE)*_xlfn.POISSON.DIST(_xlpm.y,_xlpm.lb,FALSE),_xlpm.rawOne,TRIM(IFERROR(_xlfn.TEXTBEFORE(_xlpm.critOne,"|"),_xlpm.critOne)),_xlpm.rawTwo,TRIM(IFERROR(_xlfn.TEXTBEFORE(_xlpm.critTwo,"|"),_xlpm.critTwo)),_xlpm.multOne,IFERROR(_xlfn.NUMBERVALUE(TRIM(_xlfn.TEXTAFTER(_xlpm.critOne,"|")),".",","),1),_xlpm.multTwo,IFERROR(_xlfn.NUMBERVALUE(TRIM(_xlfn.TEXTAFTER(_xlpm.critTwo,"|")),".",","),1),_xlpm.lineOne,IFERROR(_xlfn.NUMBERVALUE(_xlfn.TEXTBEFORE(_xlfn.TEXTAFTER(_xlpm.rawOne," ")&" "," "),".",","),0),_xlpm.lineTwo,IFERROR(_xlfn.NUMBERVALUE(_xlfn.TEXTBEFORE(_xlfn.TEXTAFTER(_xlpm.rawTwo," ")&" "," "),".",","),0),_xlpm.handOne,IFERROR(_xlfn.NUMBERVALUE(_xlfn.TEXTAFTER(_xlpm.rawOne,"AH "),".",","),0),_xlpm.handTwo,IFERROR(_xlfn.NUMBERVALUE(_xlfn.TEXTAFTER(_xlpm.rawTwo,"AH "),".",","),0),_xlpm.lambdaFt,(_xlpm.la+_xlpm.lb)*0.42,_xlpm.condOne,IF(_xlpm.rawOne="",1,IF(_xlpm.rawOne="BTTS Sim",--((_xlpm.x>0)*(_xlpm.y>0)),IF(_xlpm.rawOne="BTTS Não",--(((_xlpm.x=0)+(_xlpm.y=0))>0),IF(ISNUMBER(SEARCH(" 1T",_xlpm.rawOne)),IF(LEFT(_xlpm.rawOne,4)="Over",1-_xlfn.POISSON.DIST(INT(_xlpm.lineOne),_xlpm.lambdaFt,TRUE),_xlfn.POISSON.DIST(INT(_xlpm.lineOne),_xlpm.lambdaFt,TRUE)),IF(LEFT(_xlpm.rawOne,4)="Over",--((_xlpm.x+_xlpm.y)>_xlpm.lineOne),IF(LEFT(_xlpm.rawOne,5)="Under",--((_xlpm.x+_xlpm.y)<_xlpm.lineOne),IF(_xlpm.rawOne="TimeA vence",--(_xlpm.x>_xlpm.y),IF(_xlpm.rawOne="TimeB vence",--(_xlpm.y>_xlpm.x),IF(_xlpm.rawOne="Empate",--(_xlpm.x=_xlpm.y),IF(_xlpm.rawOne="TimeA DC",--(_xlpm.x>=_xlpm.y),IF(_xlpm.rawOne="TimeB DC",--(_xlpm.y>=_xlpm.x),IF(ISNUMBER(SEARCH("TimeA AH",_xlpm.rawOne)),--(_xlpm.x+_xlpm.handOne>_xlpm.y),IF(ISNUMBER(SEARCH("TimeB AH",_xlpm.rawOne)),--(_xlpm.y+_xlpm.handOne>_xlpm.x),1))))))))))))),_xlpm.condTwo,IF(_xlpm.rawTwo="",1,IF(_xlpm.rawTwo="BTTS Sim",--((_xlpm.x>0)*(_xlpm.y>0)),IF(_xlpm.rawTwo="BTTS Não",--(((_xlpm.x=0)+(_xlpm.y=0))>0),IF(ISNUMBER(SEARCH(" 1T",_xlpm.rawTwo)),IF(LEFT(_xlpm.rawTwo,4)="Over",1-_xlfn.POISSON.DIST(INT(_xlpm.lineTwo),_xlpm.lambdaFt,TRUE),_xlfn.POISSON.DIST(INT(_xlpm.lineTwo),_xlpm.lambdaFt,TRUE)),IF(LEFT(_xlpm.rawTwo,4)="Over",--((_xlpm.x+_xlpm.y)>_xlpm.lineTwo),IF(LEFT(_xlpm.rawTwo,5)="Under",--((_xlpm.x+_xlpm.y)<_xlpm.lineTwo),IF(_xlpm.rawTwo="TimeA vence",--(_xlpm.x>_xlpm.y),IF(_xlpm.rawTwo="TimeB vence",--(_xlpm.y>_xlpm.x),IF(_xlpm.rawTwo="Empate",--(_xlpm.x=_xlpm.y),IF(_xlpm.rawTwo="TimeA DC",--(_xlpm.x>=_xlpm.y),IF(_xlpm.rawTwo="TimeB DC",--(_xlpm.y>=_xlpm.x),IF(ISNUMBER(SEARCH("TimeA AH",_xlpm.rawTwo)),--(_xlpm.x+_xlpm.handTwo>_xlpm.y),IF(ISNUMBER(SEARCH("TimeB AH",_xlpm.rawTwo)),--(_xlpm.y+_xlpm.handTwo>_xlpm.x),1))))))))))))),SUM(_xlpm.p*_xlpm.condOne*_xlpm.condTwo)*_xlpm.multOne*_xlpm.multTwo),0)} -> 1 | H2: =1/Tabela37[[#This Row],[Odd Mercado]] -> #DIV/0! | I2: =(Tabela37[[#This Row],[P.Plan]]*0.45)+(Tabela37[[#This Row],[P.Font]]*0.55) -> 0.45 | J2: =1/Tabela37[[#This Row],[P.Comb]] -> 2.2222222 | L2: =(Tabela37[[#This Row],[Odd Mercado]]/Tabela37[[#This Row],[Odd Gatilho]])-1 -> -1 | M2: =IF(AND(I2>60%,L2>=-15%,L2<=15%),"⭐Conferir",IF(L2>15%,"✅✅ Forte Valor",IF(L2>10%,"✅ Entra",IF(L2>=0%,"🟡 Borderline",IF(L2<-15%,"🔴 Evitar","❌ Sem valor"))))) -> 🔴 Evitar | O2: =IF(N2="","— digite a odd —",IF(N2>=1.1/(1.1/Tabela37[[#This Row],[Odd Gatilho]]),"✅ ENTRA (edge "&TEXT(N2*(1.1/Tabela37[[#This Row],[Odd Gatilho]])-1,"0%")&")",IF(N2>=1/(1.1/Tabela37[[#This Row],[Odd Gatilho]]),"🟡 break-even (edge "&TEXT(N2*(1.1/Tabela37[[#This Row],[Odd Gatilho]])-1,"0%")&")","❌ sem valor"))) -> — digite a odd — | P2: =IF(OR(N2="",N2<=1),"",IF(N2<1/0.483,0,ROUND(MIN(3,MAX(0.5,0.25*((N2*0.483-1)/(N2-1))*10)),1))) | Q2: =IF(AND(--Tabela37[[#This Row],[P.Plan]]>--Tabela37[[#This Row],[P.Font]],--Tabela37[[#This Row],[P.Font]]>=--Tabela37[[#This Row],[P.Mkt]],--Tabela37[[#This Row],[P.Mkt]]>=60%),"🎯 Edge Real", IF(AND(--Tabela37[[#This Row],[P.Font]]>=--Tabela37[[#This Row],[P.Mkt]],--Tabela37[[#This Row],[P.Mkt]]>=60%),"📡 Sinal Externo", IF(AND(--Tabela37[[#This Row],[P.Comb]]>=65%,--Tabela37[[#This Row],[Odd Mercado]]<=1.8),"✅ Alta Certeza", IF(AND(--Tabela37[[#This Row],[P.Comb]]>=55%,--Tabela37[[#This Row],[Edge]]>0.1),"📊 Referência","❌ Sem critério")))) -> #DIV/0! | R2: =SUBSTITUTE(TRIM(LEFT(A2,FIND(" x ",A2)-1)),"USA","USMNT") -> #VALUE! | S2: =SUBSTITUTE(TRIM(MID(A2,FIND(" x ",A2)+3,100)),"USA","USMNT") -> #VALUE! | T2: =IFERROR(AVERAGE(INDEX('Jogos do Dia'!$O$2:$O$5,MATCH(R2&"|"&S2,'Jogos do Dia'!$AJ$2:$AJ$5,0)),INDEX('Jogos do Dia'!$P$2:$P$5,MATCH(S2&"|"&R2,'Jogos do Dia'!$AJ$2:$AJ$5,0))),1.2) -> 1.2 | U2: =IFERROR(AVERAGE(INDEX('Jogos do Dia'!$O$2:$O$5,MATCH(S2&"|"&R2,'Jogos do Dia'!$AJ$2:$AJ$5,0)),INDEX('Jogos do Dia'!$P$2:$P$5,MATCH(R2&"|"&S2,'Jogos do Dia'!$AJ$2:$AJ$5,0))),1.2) -> 1.2
F3: {=IFERROR(_xlfn.LET(_xlpm.critOne,D3,_xlpm.critTwo,E3,_xlpm.la,MAX(0,T3),_xlpm.lb,MAX(0,U3),_xlpm.g,_xlfn.SEQUENCE(21,,0),_xlpm.x,_xlpm.g,_xlpm.y,TRANSPOSE(_xlpm.g),_xlpm.p,_xlfn.POISSON.DIST(_xlpm.x,_xlpm.la,FALSE)*_xlfn.POISSON.DIST(_xlpm.y,_xlpm.lb,FALSE),_xlpm.rawOne,TRIM(IFERROR(_xlfn.TEXTBEFORE(_xlpm.critOne,"|"),_xlpm.critOne)),_xlpm.rawTwo,TRIM(IFERROR(_xlfn.TEXTBEFORE(_xlpm.critTwo,"|"),_xlpm.critTwo)),_xlpm.multOne,IFERROR(_xlfn.NUMBERVALUE(TRIM(_xlfn.TEXTAFTER(_xlpm.critOne,"|")),".",","),1),_xlpm.multTwo,IFERROR(_xlfn.NUMBERVALUE(TRIM(_xlfn.TEXTAFTER(_xlpm.critTwo,"|")),".",","),1),_xlpm.lineOne,IFERROR(_xlfn.NUMBERVALUE(_xlfn.TEXTBEFORE(_xlfn.TEXTAFTER(_xlpm.rawOne," ")&" "," "),".",","),0),_xlpm.lineTwo,IFERROR(_xlfn.NUMBERVALUE(_xlfn.TEXTBEFORE(_xlfn.TEXTAFTER(_xlpm.rawTwo," ")&" "," "),".",","),0),_xlpm.handOne,IFERROR(_xlfn.NUMBERVALUE(_xlfn.TEXTAFTER(_xlpm.rawOne,"AH "),".",","),0),_xlpm.handTwo,IFERROR(_xlfn.NUMBERVALUE(_xlfn.TEXTAFTER(_xlpm.rawTwo,"AH "),".",","),0),_xlpm.lambdaFt,(_xlpm.la+_xlpm.lb)*0.42,_xlpm.condOne,IF(_xlpm.rawOne="",1,IF(_xlpm.rawOne="BTTS Sim",--((_xlpm.x>0)*(_xlpm.y>0)),IF(_xlpm.rawOne="BTTS Não",--(((_xlpm.x=0)+(_xlpm.y=0))>0),IF(ISNUMBER(SEARCH(" 1T",_xlpm.rawOne)),IF(LEFT(_xlpm.rawOne,4)="Over",1-_xlfn.POISSON.DIST(INT(_xlpm.lineOne),_xlpm.lambdaFt,TRUE),_xlfn.POISSON.DIST(INT(_xlpm.lineOne),_xlpm.lambdaFt,TRUE)),IF(LEFT(_xlpm.rawOne,4)="Over",--((_xlpm.x+_xlpm.y)>_xlpm.lineOne),IF(LEFT(_xlpm.rawOne,5)="Under",--((_xlpm.x+_xlpm.y)<_xlpm.lineOne),IF(_xlpm.rawOne="TimeA vence",--(_xlpm.x>_xlpm.y),IF(_xlpm.rawOne="TimeB vence",--(_xlpm.y>_xlpm.x),IF(_xlpm.rawOne="Empate",--(_xlpm.x=_xlpm.y),IF(_xlpm.rawOne="TimeA DC",--(_xlpm.x>=_xlpm.y),IF(_xlpm.rawOne="TimeB DC",--(_xlpm.y>=_xlpm.x),IF(ISNUMBER(SEARCH("TimeA AH",_xlpm.rawOne)),--(_xlpm.x+_xlpm.handOne>_xlpm.y),IF(ISNUMBER(SEARCH("TimeB AH",_xlpm.rawOne)),--(_xlpm.y+_xlpm.handOne>_xlpm.x),1))))))))))))),_xlpm.condTwo,IF(_xlpm.rawTwo="",1,IF(_xlpm.rawTwo="BTTS Sim",--((_xlpm.x>0)*(_xlpm.y>0)),IF(_xlpm.rawTwo="BTTS Não",--(((_xlpm.x=0)+(_xlpm.y=0))>0),IF(ISNUMBER(SEARCH(" 1T",_xlpm.rawTwo)),IF(LEFT(_xlpm.rawTwo,4)="Over",1-_xlfn.POISSON.DIST(INT(_xlpm.lineTwo),_xlpm.lambdaFt,TRUE),_xlfn.POISSON.DIST(INT(_xlpm.lineTwo),_xlpm.lambdaFt,TRUE)),IF(LEFT(_xlpm.rawTwo,4)="Over",--((_xlpm.x+_xlpm.y)>_xlpm.lineTwo),IF(LEFT(_xlpm.rawTwo,5)="Under",--((_xlpm.x+_xlpm.y)<_xlpm.lineTwo),IF(_xlpm.rawTwo="TimeA vence",--(_xlpm.x>_xlpm.y),IF(_xlpm.rawTwo="TimeB vence",--(_xlpm.y>_xlpm.x),IF(_xlpm.rawTwo="Empate",--(_xlpm.x=_xlpm.y),IF(_xlpm.rawTwo="TimeA DC",--(_xlpm.x>=_xlpm.y),IF(_xlpm.rawTwo="TimeB DC",--(_xlpm.y>=_xlpm.x),IF(ISNUMBER(SEARCH("TimeA AH",_xlpm.rawTwo)),--(_xlpm.x+_xlpm.handTwo>_xlpm.y),IF(ISNUMBER(SEARCH("TimeB AH",_xlpm.rawTwo)),--(_xlpm.y+_xlpm.handTwo>_xlpm.x),1))))))))))))),SUM(_xlpm.p*_xlpm.condOne*_xlpm.condTwo)*_xlpm.multOne*_xlpm.multTwo),0)} -> 1 | H3: =1/Tabela37[[#This Row],[Odd Mercado]] -> #DIV/0! | I3: =(Tabela37[[#This Row],[P.Plan]]*0.45)+(Tabela37[[#This Row],[P.Font]]*0.55) -> 0.45 | J3: =1/Tabela37[[#This Row],[P.Comb]] -> 2.2222222 | L3: =(Tabela37[[#This Row],[Odd Mercado]]/Tabela37[[#This Row],[Odd Gatilho]])-1 -> -1 | M3: =IF(AND(I3>60%,L3>=-15%,L3<=15%),"⭐Conferir",IF(L3>15%,"✅✅ Forte Valor",IF(L3>10%,"✅ Entra",IF(L3>=0%,"🟡 Borderline",IF(L3<-15%,"🔴 Evitar","❌ Sem valor"))))) -> 🔴 Evitar | O3: =IF(N3="","— digite a odd —",IF(N3>=1.1/(1.1/Tabela37[[#This Row],[Odd Gatilho]]),"✅ ENTRA (edge "&TEXT(N3*(1.1/Tabela37[[#This Row],[Odd Gatilho]])-1,"0%")&")",IF(N3>=1/(1.1/Tabela37[[#This Row],[Odd Gatilho]]),"🟡 break-even (edge "&TEXT(N3*(1.1/Tabela37[[#This Row],[Odd Gatilho]])-1,"0%")&")","❌ sem valor"))) -> — digite a odd — | P3: =IF(OR(N3="",N3<=1),"",IF(N3<1/0.483,0,ROUND(MIN(3,MAX(0.5,0.25*((N3*0.483-1)/(N3-1))*10)),1))) | Q3: =IF(AND(--Tabela37[[#This Row],[P.Plan]]>--Tabela37[[#This Row],[P.Font]],--Tabela37[[#This Row],[P.Font]]>=--Tabela37[[#This Row],[P.Mkt]],--Tabela37[[#This Row],[P.Mkt]]>=60%),"🎯 Edge Real", IF(AND(--Tabela37[[#This Row],[P.Font]]>=--Tabela37[[#This Row],[P.Mkt]],--Tabela37[[#This Row],[P.Mkt]]>=60%),"📡 Sinal Externo", IF(AND(--Tabela37[[#This Row],[P.Comb]]>=65%,--Tabela37[[#This Row],[Odd Mercado]]<=1.8),"✅ Alta Certeza", IF(AND(--Tabela37[[#This Row],[P.Comb]]>=55%,--Tabela37[[#This Row],[Edge]]>0.1),"📊 Referência","❌ Sem critério")))) -> #DIV/0! | R3: =SUBSTITUTE(TRIM(LEFT(A3,FIND(" x ",A3)-1)),"USA","USMNT") -> #VALUE! | S3: =SUBSTITUTE(TRIM(MID(A3,FIND(" x ",A3)+3,100)),"USA","USMNT") -> #VALUE! | T3: =IFERROR(AVERAGE(INDEX('Jogos do Dia'!$O$2:$O$5,MATCH(R3&"|"&S3,'Jogos do Dia'!$AJ$2:$AJ$5,0)),INDEX('Jogos do Dia'!$P$2:$P$5,MATCH(S3&"|"&R3,'Jogos do Dia'!$AJ$2:$AJ$5,0))),1.2) -> 1.2 | U3: =IFERROR(AVERAGE(INDEX('Jogos do Dia'!$O$2:$O$5,MATCH(S3&"|"&R3,'Jogos do Dia'!$AJ$2:$AJ$5,0)),INDEX('Jogos do Dia'!$P$2:$P$5,MATCH(R3&"|"&S3,'Jogos do Dia'!$AJ$2:$AJ$5,0))),1.2) -> 1.2
F4: {=IFERROR(_xlfn.LET(_xlpm.critOne,D4,_xlpm.critTwo,E4,_xlpm.la,MAX(0,T4),_xlpm.lb,MAX(0,U4),_xlpm.g,_xlfn.SEQUENCE(21,,0),_xlpm.x,_xlpm.g,_xlpm.y,TRANSPOSE(_xlpm.g),_xlpm.p,_xlfn.POISSON.DIST(_xlpm.x,_xlpm.la,FALSE)*_xlfn.POISSON.DIST(_xlpm.y,_xlpm.lb,FALSE),_xlpm.rawOne,TRIM(IFERROR(_xlfn.TEXTBEFORE(_xlpm.critOne,"|"),_xlpm.critOne)),_xlpm.rawTwo,TRIM(IFERROR(_xlfn.TEXTBEFORE(_xlpm.critTwo,"|"),_xlpm.critTwo)),_xlpm.multOne,IFERROR(_xlfn.NUMBERVALUE(TRIM(_xlfn.TEXTAFTER(_xlpm.critOne,"|")),".",","),1),_xlpm.multTwo,IFERROR(_xlfn.NUMBERVALUE(TRIM(_xlfn.TEXTAFTER(_xlpm.critTwo,"|")),".",","),1),_xlpm.lineOne,IFERROR(_xlfn.NUMBERVALUE(_xlfn.TEXTBEFORE(_xlfn.TEXTAFTER(_xlpm.rawOne," ")&" "," "),".",","),0),_xlpm.lineTwo,IFERROR(_xlfn.NUMBERVALUE(_xlfn.TEXTBEFORE(_xlfn.TEXTAFTER(_xlpm.rawTwo," ")&" "," "),".",","),0),_xlpm.handOne,IFERROR(_xlfn.NUMBERVALUE(_xlfn.TEXTAFTER(_xlpm.rawOne,"AH "),".",","),0),_xlpm.handTwo,IFERROR(_xlfn.NUMBERVALUE(_xlfn.TEXTAFTER(_xlpm.rawTwo,"AH "),".",","),0),_xlpm.lambdaFt,(_xlpm.la+_xlpm.lb)*0.42,_xlpm.condOne,IF(_xlpm.rawOne="",1,IF(_xlpm.rawOne="BTTS Sim",--((_xlpm.x>0)*(_xlpm.y>0)),IF(_xlpm.rawOne="BTTS Não",--(((_xlpm.x=0)+(_xlpm.y=0))>0),IF(ISNUMBER(SEARCH(" 1T",_xlpm.rawOne)),IF(LEFT(_xlpm.rawOne,4)="Over",1-_xlfn.POISSON.DIST(INT(_xlpm.lineOne),_xlpm.lambdaFt,TRUE),_xlfn.POISSON.DIST(INT(_xlpm.lineOne),_xlpm.lambdaFt,TRUE)),IF(LEFT(_xlpm.rawOne,4)="Over",--((_xlpm.x+_xlpm.y)>_xlpm.lineOne),IF(LEFT(_xlpm.rawOne,5)="Under",--((_xlpm.x+_xlpm.y)<_xlpm.lineOne),IF(_xlpm.rawOne="TimeA vence",--(_xlpm.x>_xlpm.y),IF(_xlpm.rawOne="TimeB vence",--(_xlpm.y>_xlpm.x),IF(_xlpm.rawOne="Empate",--(_xlpm.x=_xlpm.y),IF(_xlpm.rawOne="TimeA DC",--(_xlpm.x>=_xlpm.y),IF(_xlpm.rawOne="TimeB DC",--(_xlpm.y>=_xlpm.x),IF(ISNUMBER(SEARCH("TimeA AH",_xlpm.rawOne)),--(_xlpm.x+_xlpm.handOne>_xlpm.y),IF(ISNUMBER(SEARCH("TimeB AH",_xlpm.rawOne)),--(_xlpm.y+_xlpm.handOne>_xlpm.x),1))))))))))))),_xlpm.condTwo,IF(_xlpm.rawTwo="",1,IF(_xlpm.rawTwo="BTTS Sim",--((_xlpm.x>0)*(_xlpm.y>0)),IF(_xlpm.rawTwo="BTTS Não",--(((_xlpm.x=0)+(_xlpm.y=0))>0),IF(ISNUMBER(SEARCH(" 1T",_xlpm.rawTwo)),IF(LEFT(_xlpm.rawTwo,4)="Over",1-_xlfn.POISSON.DIST(INT(_xlpm.lineTwo),_xlpm.lambdaFt,TRUE),_xlfn.POISSON.DIST(INT(_xlpm.lineTwo),_xlpm.lambdaFt,TRUE)),IF(LEFT(_xlpm.rawTwo,4)="Over",--((_xlpm.x+_xlpm.y)>_xlpm.lineTwo),IF(LEFT(_xlpm.rawTwo,5)="Under",--((_xlpm.x+_xlpm.y)<_xlpm.lineTwo),IF(_xlpm.rawTwo="TimeA vence",--(_xlpm.x>_xlpm.y),IF(_xlpm.rawTwo="TimeB vence",--(_xlpm.y>_xlpm.x),IF(_xlpm.rawTwo="Empate",--(_xlpm.x=_xlpm.y),IF(_xlpm.rawTwo="TimeA DC",--(_xlpm.x>=_xlpm.y),IF(_xlpm.rawTwo="TimeB DC",--(_xlpm.y>=_xlpm.x),IF(ISNUMBER(SEARCH("TimeA AH",_xlpm.rawTwo)),--(_xlpm.x+_xlpm.handTwo>_xlpm.y),IF(ISNUMBER(SEARCH("TimeB AH",_xlpm.rawTwo)),--(_xlpm.y+_xlpm.handTwo>_xlpm.x),1))))))))))))),SUM(_xlpm.p*_xlpm.condOne*_xlpm.condTwo)*_xlpm.multOne*_xlpm.multTwo),0)} -> 1 | H4: =1/Tabela37[[#This Row],[Odd Mercado]] -> #DIV/0! | I4: =(Tabela37[[#This Row],[P.Plan]]*0.45)+(Tabela37[[#This Row],[P.Font]]*0.55) -> 0.45 | J4: =1/Tabela37[[#This Row],[P.Comb]] -> 2.2222222 | L4: =(Tabela37[[#This Row],[Odd Mercado]]/Tabela37[[#This Row],[Odd Gatilho]])-1 -> -1 | M4: =IF(AND(I4>60%,L4>=-15%,L4<=15%),"⭐Conferir",IF(L4>15%,"✅✅ Forte Valor",IF(L4>10%,"✅ Entra",IF(L4>=0%,"🟡 Borderline",IF(L4<-15%,"🔴 Evitar","❌ Sem valor"))))) -> 🔴 Evitar | O4: =IF(N4="","— digite a odd —",IF(N4>=1.1/(1.1/Tabela37[[#This Row],[Odd Gatilho]]),"✅ ENTRA (edge "&TEXT(N4*(1.1/Tabela37[[#This Row],[Odd Gatilho]])-1,"0%")&")",IF(N4>=1/(1.1/Tabela37[[#This Row],[Odd Gatilho]]),"🟡 break-even (edge "&TEXT(N4*(1.1/Tabela37[[#This Row],[Odd Gatilho]])-1,"0%")&")","❌ sem valor"))) -> — digite a odd — | P4: =IF(OR(N4="",N4<=1),"",IF(N4<1/0.483,0,ROUND(MIN(3,MAX(0.5,0.25*((N4*0.483-1)/(N4-1))*10)),1))) | Q4: =IF(AND(--Tabela37[[#This Row],[P.Plan]]>--Tabela37[[#This Row],[P.Font]],--Tabela37[[#This Row],[P.Font]]>=--Tabela37[[#This Row],[P.Mkt]],--Tabela37[[#This Row],[P.Mkt]]>=60%),"🎯 Edge Real", IF(AND(--Tabela37[[#This Row],[P.Font]]>=--Tabela37[[#This Row],[P.Mkt]],--Tabela37[[#This Row],[P.Mkt]]>=60%),"📡 Sinal Externo", IF(AND(--Tabela37[[#This Row],[P.Comb]]>=65%,--Tabela37[[#This Row],[Odd Mercado]]<=1.8),"✅ Alta Certeza", IF(AND(--Tabela37[[#This Row],[P.Comb]]>=55%,--Tabela37[[#This Row],[Edge]]>0.1),"📊 Referência","❌ Sem critério")))) -> #DIV/0! | R4: =SUBSTITUTE(TRIM(LEFT(A4,FIND(" x ",A4)-1)),"USA","USMNT") -> #VALUE! | S4: =SUBSTITUTE(TRIM(MID(A4,FIND(" x ",A4)+3,100)),"USA","USMNT") -> #VALUE! | T4: =IFERROR(AVERAGE(INDEX('Jogos do Dia'!$O$2:$O$5,MATCH(R4&"|"&S4,'Jogos do Dia'!$AJ$2:$AJ$5,0)),INDEX('Jogos do Dia'!$P$2:$P$5,MATCH(S4&"|"&R4,'Jogos do Dia'!$AJ$2:$AJ$5,0))),1.2) -> 1.2 | U4: =IFERROR(AVERAGE(INDEX('Jogos do Dia'!$O$2:$O$5,MATCH(S4&"|"&R4,'Jogos do Dia'!$AJ$2:$AJ$5,0)),INDEX('Jogos do Dia'!$P$2:$P$5,MATCH(R4&"|"&S4,'Jogos do Dia'!$AJ$2:$AJ$5,0))),1.2) -> 1.2
F5: {=IFERROR(_xlfn.LET(_xlpm.critOne,D5,_xlpm.critTwo,E5,_xlpm.la,MAX(0,T5),_xlpm.lb,MAX(0,U5),_xlpm.g,_xlfn.SEQUENCE(21,,0),_xlpm.x,_xlpm.g,_xlpm.y,TRANSPOSE(_xlpm.g),_xlpm.p,_xlfn.POISSON.DIST(_xlpm.x,_xlpm.la,FALSE)*_xlfn.POISSON.DIST(_xlpm.y,_xlpm.lb,FALSE),_xlpm.rawOne,TRIM(IFERROR(_xlfn.TEXTBEFORE(_xlpm.critOne,"|"),_xlpm.critOne)),_xlpm.rawTwo,TRIM(IFERROR(_xlfn.TEXTBEFORE(_xlpm.critTwo,"|"),_xlpm.critTwo)),_xlpm.multOne,IFERROR(_xlfn.NUMBERVALUE(TRIM(_xlfn.TEXTAFTER(_xlpm.critOne,"|")),".",","),1),_xlpm.multTwo,IFERROR(_xlfn.NUMBERVALUE(TRIM(_xlfn.TEXTAFTER(_xlpm.critTwo,"|")),".",","),1),_xlpm.lineOne,IFERROR(_xlfn.NUMBERVALUE(_xlfn.TEXTBEFORE(_xlfn.TEXTAFTER(_xlpm.rawOne," ")&" "," "),".",","),0),_xlpm.lineTwo,IFERROR(_xlfn.NUMBERVALUE(_xlfn.TEXTBEFORE(_xlfn.TEXTAFTER(_xlpm.rawTwo," ")&" "," "),".",","),0),_xlpm.handOne,IFERROR(_xlfn.NUMBERVALUE(_xlfn.TEXTAFTER(_xlpm.rawOne,"AH "),".",","),0),_xlpm.handTwo,IFERROR(_xlfn.NUMBERVALUE(_xlfn.TEXTAFTER(_xlpm.rawTwo,"AH "),".",","),0),_xlpm.lambdaFt,(_xlpm.la+_xlpm.lb)*0.42,_xlpm.condOne,IF(_xlpm.rawOne="",1,IF(_xlpm.rawOne="BTTS Sim",--((_xlpm.x>0)*(_xlpm.y>0)),IF(_xlpm.rawOne="BTTS Não",--(((_xlpm.x=0)+(_xlpm.y=0))>0),IF(ISNUMBER(SEARCH(" 1T",_xlpm.rawOne)),IF(LEFT(_xlpm.rawOne,4)="Over",1-_xlfn.POISSON.DIST(INT(_xlpm.lineOne),_xlpm.lambdaFt,TRUE),_xlfn.POISSON.DIST(INT(_xlpm.lineOne),_xlpm.lambdaFt,TRUE)),IF(LEFT(_xlpm.rawOne,4)="Over",--((_xlpm.x+_xlpm.y)>_xlpm.lineOne),IF(LEFT(_xlpm.rawOne,5)="Under",--((_xlpm.x+_xlpm.y)<_xlpm.lineOne),IF(_xlpm.rawOne="TimeA vence",--(_xlpm.x>_xlpm.y),IF(_xlpm.rawOne="TimeB vence",--(_xlpm.y>_xlpm.x),IF(_xlpm.rawOne="Empate",--(_xlpm.x=_xlpm.y),IF(_xlpm.rawOne="TimeA DC",--(_xlpm.x>=_xlpm.y),IF(_xlpm.rawOne="TimeB DC",--(_xlpm.y>=_xlpm.x),IF(ISNUMBER(SEARCH("TimeA AH",_xlpm.rawOne)),--(_xlpm.x+_xlpm.handOne>_xlpm.y),IF(ISNUMBER(SEARCH("TimeB AH",_xlpm.rawOne)),--(_xlpm.y+_xlpm.handOne>_xlpm.x),1))))))))))))),_xlpm.condTwo,IF(_xlpm.rawTwo="",1,IF(_xlpm.rawTwo="BTTS Sim",--((_xlpm.x>0)*(_xlpm.y>0)),IF(_xlpm.rawTwo="BTTS Não",--(((_xlpm.x=0)+(_xlpm.y=0))>0),IF(ISNUMBER(SEARCH(" 1T",_xlpm.rawTwo)),IF(LEFT(_xlpm.rawTwo,4)="Over",1-_xlfn.POISSON.DIST(INT(_xlpm.lineTwo),_xlpm.lambdaFt,TRUE),_xlfn.POISSON.DIST(INT(_xlpm.lineTwo),_xlpm.lambdaFt,TRUE)),IF(LEFT(_xlpm.rawTwo,4)="Over",--((_xlpm.x+_xlpm.y)>_xlpm.lineTwo),IF(LEFT(_xlpm.rawTwo,5)="Under",--((_xlpm.x+_xlpm.y)<_xlpm.lineTwo),IF(_xlpm.rawTwo="TimeA vence",--(_xlpm.x>_xlpm.y),IF(_xlpm.rawTwo="TimeB vence",--(_xlpm.y>_xlpm.x),IF(_xlpm.rawTwo="Empate",--(_xlpm.x=_xlpm.y),IF(_xlpm.rawTwo="TimeA DC",--(_xlpm.x>=_xlpm.y),IF(_xlpm.rawTwo="TimeB DC",--(_xlpm.y>=_xlpm.x),IF(ISNUMBER(SEARCH("TimeA AH",_xlpm.rawTwo)),--(_xlpm.x+_xlpm.handTwo>_xlpm.y),IF(ISNUMBER(SEARCH("TimeB AH",_xlpm.rawTwo)),--(_xlpm.y+_xlpm.handTwo>_xlpm.x),1))))))))))))),SUM(_xlpm.p*_xlpm.condOne*_xlpm.condTwo)*_xlpm.multOne*_xlpm.multTwo),0)} -> 1 | H5: =1/Tabela37[[#This Row],[Odd Mercado]] -> #DIV/0! | I5: =(Tabela37[[#This Row],[P.Plan]]*0.45)+(Tabela37[[#This Row],[P.Font]]*0.55) -> 0.45 | J5: =1/Tabela37[[#This Row],[P.Comb]] -> 2.2222222 | L5: =(Tabela37[[#This Row],[Odd Mercado]]/Tabela37[[#This Row],[Odd Gatilho]])-1 -> -1 | M5: =IF(AND(I5>60%,L5>=-15%,L5<=15%),"⭐Conferir",IF(L5>15%,"✅✅ Forte Valor",IF(L5>10%,"✅ Entra",IF(L5>=0%,"🟡 Borderline",IF(L5<-15%,"🔴 Evitar","❌ Sem valor"))))) -> 🔴 Evitar | O5: =IF(N5="","— digite a odd —",IF(N5>=1.1/(1.1/Tabela37[[#This Row],[Odd Gatilho]]),"✅ ENTRA (edge "&TEXT(N5*(1.1/Tabela37[[#This Row],[Odd Gatilho]])-1,"0%")&")",IF(N5>=1/(1.1/Tabela37[[#This Row],[Odd Gatilho]]),"🟡 break-even (edge "&TEXT(N5*(1.1/Tabela37[[#This Row],[Odd Gatilho]])-1,"0%")&")","❌ sem valor"))) -> — digite a odd — | P5: =IF(OR(N5="",N5<=1),"",IF(N5<1/0.483,0,ROUND(MIN(3,MAX(0.5,0.25*((N5*0.483-1)/(N5-1))*10)),1))) | Q5: =IF(AND(--Tabela37[[#This Row],[P.Plan]]>--Tabela37[[#This Row],[P.Font]],--Tabela37[[#This Row],[P.Font]]>=--Tabela37[[#This Row],[P.Mkt]],--Tabela37[[#This Row],[P.Mkt]]>=60%),"🎯 Edge Real", IF(AND(--Tabela37[[#This Row],[P.Font]]>=--Tabela37[[#This Row],[P.Mkt]],--Tabela37[[#This Row],[P.Mkt]]>=60%),"📡 Sinal Externo", IF(AND(--Tabela37[[#This Row],[P.Comb]]>=65%,--Tabela37[[#This Row],[Odd Mercado]]<=1.8),"✅ Alta Certeza", IF(AND(--Tabela37[[#This Row],[P.Comb]]>=55%,--Tabela37[[#This Row],[Edge]]>0.1),"📊 Referência","❌ Sem critério")))) -> #DIV/0! | R5: =SUBSTITUTE(TRIM(LEFT(A5,FIND(" x ",A5)-1)),"USA","USMNT") -> #VALUE! | S5: =SUBSTITUTE(TRIM(MID(A5,FIND(" x ",A5)+3,100)),"USA","USMNT") -> #VALUE! | T5: =IFERROR(AVERAGE(INDEX('Jogos do Dia'!$O$2:$O$5,MATCH(R5&"|"&S5,'Jogos do Dia'!$AJ$2:$AJ$5,0)),INDEX('Jogos do Dia'!$P$2:$P$5,MATCH(S5&"|"&R5,'Jogos do Dia'!$AJ$2:$AJ$5,0))),1.2) -> 1.2 | U5: =IFERROR(AVERAGE(INDEX('Jogos do Dia'!$O$2:$O$5,MATCH(S5&"|"&R5,'Jogos do Dia'!$AJ$2:$AJ$5,0)),INDEX('Jogos do Dia'!$P$2:$P$5,MATCH(R5&"|"&S5,'Jogos do Dia'!$AJ$2:$AJ$5,0))),1.2) -> 1.2
F6: {=IFERROR(_xlfn.LET(_xlpm.critOne,D6,_xlpm.critTwo,E6,_xlpm.la,MAX(0,T6),_xlpm.lb,MAX(0,U6),_xlpm.g,_xlfn.SEQUENCE(21,,0),_xlpm.x,_xlpm.g,_xlpm.y,TRANSPOSE(_xlpm.g),_xlpm.p,_xlfn.POISSON.DIST(_xlpm.x,_xlpm.la,FALSE)*_xlfn.POISSON.DIST(_xlpm.y,_xlpm.lb,FALSE),_xlpm.rawOne,TRIM(IFERROR(_xlfn.TEXTBEFORE(_xlpm.critOne,"|"),_xlpm.critOne)),_xlpm.rawTwo,TRIM(IFERROR(_xlfn.TEXTBEFORE(_xlpm.critTwo,"|"),_xlpm.critTwo)),_xlpm.multOne,IFERROR(_xlfn.NUMBERVALUE(TRIM(_xlfn.TEXTAFTER(_xlpm.critOne,"|")),".",","),1),_xlpm.multTwo,IFERROR(_xlfn.NUMBERVALUE(TRIM(_xlfn.TEXTAFTER(_xlpm.critTwo,"|")),".",","),1),_xlpm.lineOne,IFERROR(_xlfn.NUMBERVALUE(_xlfn.TEXTBEFORE(_xlfn.TEXTAFTER(_xlpm.rawOne," ")&" "," "),".",","),0),_xlpm.lineTwo,IFERROR(_xlfn.NUMBERVALUE(_xlfn.TEXTBEFORE(_xlfn.TEXTAFTER(_xlpm.rawTwo," ")&" "," "),".",","),0),_xlpm.handOne,IFERROR(_xlfn.NUMBERVALUE(_xlfn.TEXTAFTER(_xlpm.rawOne,"AH "),".",","),0),_xlpm.handTwo,IFERROR(_xlfn.NUMBERVALUE(_xlfn.TEXTAFTER(_xlpm.rawTwo,"AH "),".",","),0),_xlpm.lambdaFt,(_xlpm.la+_xlpm.lb)*0.42,_xlpm.condOne,IF(_xlpm.rawOne="",1,IF(_xlpm.rawOne="BTTS Sim",--((_xlpm.x>0)*(_xlpm.y>0)),IF(_xlpm.rawOne="BTTS Não",--(((_xlpm.x=0)+(_xlpm.y=0))>0),IF(ISNUMBER(SEARCH(" 1T",_xlpm.rawOne)),IF(LEFT(_xlpm.rawOne,4)="Over",1-_xlfn.POISSON.DIST(INT(_xlpm.lineOne),_xlpm.lambdaFt,TRUE),_xlfn.POISSON.DIST(INT(_xlpm.lineOne),_xlpm.lambdaFt,TRUE)),IF(LEFT(_xlpm.rawOne,4)="Over",--((_xlpm.x+_xlpm.y)>_xlpm.lineOne),IF(LEFT(_xlpm.rawOne,5)="Under",--((_xlpm.x+_xlpm.y)<_xlpm.lineOne),IF(_xlpm.rawOne="TimeA vence",--(_xlpm.x>_xlpm.y),IF(_xlpm.rawOne="TimeB vence",--(_xlpm.y>_xlpm.x),IF(_xlpm.rawOne="Empate",--(_xlpm.x=_xlpm.y),IF(_xlpm.rawOne="TimeA DC",--(_xlpm.x>=_xlpm.y),IF(_xlpm.rawOne="TimeB DC",--(_xlpm.y>=_xlpm.x),IF(ISNUMBER(SEARCH("TimeA AH",_xlpm.rawOne)),--(_xlpm.x+_xlpm.handOne>_xlpm.y),IF(ISNUMBER(SEARCH("TimeB AH",_xlpm.rawOne)),--(_xlpm.y+_xlpm.handOne>_xlpm.x),1))))))))))))),_xlpm.condTwo,IF(_xlpm.rawTwo="",1,IF(_xlpm.rawTwo="BTTS Sim",--((_xlpm.x>0)*(_xlpm.y>0)),IF(_xlpm.rawTwo="BTTS Não",--(((_xlpm.x=0)+(_xlpm.y=0))>0),IF(ISNUMBER(SEARCH(" 1T",_xlpm.rawTwo)),IF(LEFT(_xlpm.rawTwo,4)="Over",1-_xlfn.POISSON.DIST(INT(_xlpm.lineTwo),_xlpm.lambdaFt,TRUE),_xlfn.POISSON.DIST(INT(_xlpm.lineTwo),_xlpm.lambdaFt,TRUE)),IF(LEFT(_xlpm.rawTwo,4)="Over",--((_xlpm.x+_xlpm.y)>_xlpm.lineTwo),IF(LEFT(_xlpm.rawTwo,5)="Under",--((_xlpm.x+_xlpm.y)<_xlpm.lineTwo),IF(_xlpm.rawTwo="TimeA vence",--(_xlpm.x>_xlpm.y),IF(_xlpm.rawTwo="TimeB vence",--(_xlpm.y>_xlpm.x),IF(_xlpm.rawTwo="Empate",--(_xlpm.x=_xlpm.y),IF(_xlpm.rawTwo="TimeA DC",--(_xlpm.x>=_xlpm.y),IF(_xlpm.rawTwo="TimeB DC",--(_xlpm.y>=_xlpm.x),IF(ISNUMBER(SEARCH("TimeA AH",_xlpm.rawTwo)),--(_xlpm.x+_xlpm.handTwo>_xlpm.y),IF(ISNUMBER(SEARCH("TimeB AH",_xlpm.rawTwo)),--(_xlpm.y+_xlpm.handTwo>_xlpm.x),1))))))))))))),SUM(_xlpm.p*_xlpm.condOne*_xlpm.condTwo)*_xlpm.multOne*_xlpm.multTwo),0)} -> 1 | H6: =1/Tabela37[[#This Row],[Odd Mercado]] -> #DIV/0! | I6: =(Tabela37[[#This Row],[P.Plan]]*0.45)+(Tabela37[[#This Row],[P.Font]]*0.55) -> 0.45 | J6: =1/Tabela37[[#This Row],[P.Comb]] -> 2.2222222 | L6: =(Tabela37[[#This Row],[Odd Mercado]]/Tabela37[[#This Row],[Odd Gatilho]])-1 -> -1 | M6: =IF(AND(I6>60%,L6>=-15%,L6<=15%),"⭐Conferir",IF(L6>15%,"✅✅ Forte Valor",IF(L6>10%,"✅ Entra",IF(L6>=0%,"🟡 Borderline",IF(L6<-15%,"🔴 Evitar","❌ Sem valor"))))) -> 🔴 Evitar | O6: =IF(N6="","— digite a odd —",IF(N6>=1.1/(1.1/Tabela37[[#This Row],[Odd Gatilho]]),"✅ ENTRA (edge "&TEXT(N6*(1.1/Tabela37[[#This Row],[Odd Gatilho]])-1,"0%")&")",IF(N6>=1/(1.1/Tabela37[[#This Row],[Odd Gatilho]]),"🟡 break-even (edge "&TEXT(N6*(1.1/Tabela37[[#This Row],[Odd Gatilho]])-1,"0%")&")","❌ sem valor"))) -> — digite a odd — | P6: =IF(OR(N6="",N6<=1),"",IF(N6<1/0.483,0,ROUND(MIN(3,MAX(0.5,0.25*((N6*0.483-1)/(N6-1))*10)),1))) | Q6: =IF(AND(--Tabela37[[#This Row],[P.Plan]]>--Tabela37[[#This Row],[P.Font]],--Tabela37[[#This Row],[P.Font]]>=--Tabela37[[#This Row],[P.Mkt]],--Tabela37[[#This Row],[P.Mkt]]>=60%),"🎯 Edge Real", IF(AND(--Tabela37[[#This Row],[P.Font]]>=--Tabela37[[#This Row],[P.Mkt]],--Tabela37[[#This Row],[P.Mkt]]>=60%),"📡 Sinal Externo", IF(AND(--Tabela37[[#This Row],[P.Comb]]>=65%,--Tabela37[[#This Row],[Odd Mercado]]<=1.8),"✅ Alta Certeza", IF(AND(--Tabela37[[#This Row],[P.Comb]]>=55%,--Tabela37[[#This Row],[Edge]]>0.1),"📊 Referência","❌ Sem critério")))) -> #DIV/0! | R6: =SUBSTITUTE(TRIM(LEFT(A6,FIND(" x ",A6)-1)),"USA","USMNT") -> #VALUE! | S6: =SUBSTITUTE(TRIM(MID(A6,FIND(" x ",A6)+3,100)),"USA","USMNT") -> #VALUE! | T6: =IFERROR(AVERAGE(INDEX('Jogos do Dia'!$O$2:$O$5,MATCH(R6&"|"&S6,'Jogos do Dia'!$AJ$2:$AJ$5,0)),INDEX('Jogos do Dia'!$P$2:$P$5,MATCH(S6&"|"&R6,'Jogos do Dia'!$AJ$2:$AJ$5,0))),1.2) -> 1.2 | U6: =IFERROR(AVERAGE(INDEX('Jogos do Dia'!$O$2:$O$5,MATCH(S6&"|"&R6,'Jogos do Dia'!$AJ$2:$AJ$5,0)),INDEX('Jogos do Dia'!$P$2:$P$5,MATCH(R6&"|"&S6,'Jogos do Dia'!$AJ$2:$AJ$5,0))),1.2) -> 1.2
F7: {=IFERROR(_xlfn.LET(_xlpm.critOne,D7,_xlpm.critTwo,E7,_xlpm.la,MAX(0,T7),_xlpm.lb,MAX(0,U7),_xlpm.g,_xlfn.SEQUENCE(21,,0),_xlpm.x,_xlpm.g,_xlpm.y,TRANSPOSE(_xlpm.g),_xlpm.p,_xlfn.POISSON.DIST(_xlpm.x,_xlpm.la,FALSE)*_xlfn.POISSON.DIST(_xlpm.y,_xlpm.lb,FALSE),_xlpm.rawOne,TRIM(IFERROR(_xlfn.TEXTBEFORE(_xlpm.critOne,"|"),_xlpm.critOne)),_xlpm.rawTwo,TRIM(IFERROR(_xlfn.TEXTBEFORE(_xlpm.critTwo,"|"),_xlpm.critTwo)),_xlpm.multOne,IFERROR(_xlfn.NUMBERVALUE(TRIM(_xlfn.TEXTAFTER(_xlpm.critOne,"|")),".",","),1),_xlpm.multTwo,IFERROR(_xlfn.NUMBERVALUE(TRIM(_xlfn.TEXTAFTER(_xlpm.critTwo,"|")),".",","),1),_xlpm.lineOne,IFERROR(_xlfn.NUMBERVALUE(_xlfn.TEXTBEFORE(_xlfn.TEXTAFTER(_xlpm.rawOne," ")&" "," "),".",","),0),_xlpm.lineTwo,IFERROR(_xlfn.NUMBERVALUE(_xlfn.TEXTBEFORE(_xlfn.TEXTAFTER(_xlpm.rawTwo," ")&" "," "),".",","),0),_xlpm.handOne,IFERROR(_xlfn.NUMBERVALUE(_xlfn.TEXTAFTER(_xlpm.rawOne,"AH "),".",","),0),_xlpm.handTwo,IFERROR(_xlfn.NUMBERVALUE(_xlfn.TEXTAFTER(_xlpm.rawTwo,"AH "),".",","),0),_xlpm.lambdaFt,(_xlpm.la+_xlpm.lb)*0.42,_xlpm.condOne,IF(_xlpm.rawOne="",1,IF(_xlpm.rawOne="BTTS Sim",--((_xlpm.x>0)*(_xlpm.y>0)),IF(_xlpm.rawOne="BTTS Não",--(((_xlpm.x=0)+(_xlpm.y=0))>0),IF(ISNUMBER(SEARCH(" 1T",_xlpm.rawOne)),IF(LEFT(_xlpm.rawOne,4)="Over",1-_xlfn.POISSON.DIST(INT(_xlpm.lineOne),_xlpm.lambdaFt,TRUE),_xlfn.POISSON.DIST(INT(_xlpm.lineOne),_xlpm.lambdaFt,TRUE)),IF(LEFT(_xlpm.rawOne,4)="Over",--((_xlpm.x+_xlpm.y)>_xlpm.lineOne),IF(LEFT(_xlpm.rawOne,5)="Under",--((_xlpm.x+_xlpm.y)<_xlpm.lineOne),IF(_xlpm.rawOne="TimeA vence",--(_xlpm.x>_xlpm.y),IF(_xlpm.rawOne="TimeB vence",--(_xlpm.y>_xlpm.x),IF(_xlpm.rawOne="Empate",--(_xlpm.x=_xlpm.y),IF(_xlpm.rawOne="TimeA DC",--(_xlpm.x>=_xlpm.y),IF(_xlpm.rawOne="TimeB DC",--(_xlpm.y>=_xlpm.x),IF(ISNUMBER(SEARCH("TimeA AH",_xlpm.rawOne)),--(_xlpm.x+_xlpm.handOne>_xlpm.y),IF(ISNUMBER(SEARCH("TimeB AH",_xlpm.rawOne)),--(_xlpm.y+_xlpm.handOne>_xlpm.x),1))))))))))))),_xlpm.condTwo,IF(_xlpm.rawTwo="",1,IF(_xlpm.rawTwo="BTTS Sim",--((_xlpm.x>0)*(_xlpm.y>0)),IF(_xlpm.rawTwo="BTTS Não",--(((_xlpm.x=0)+(_xlpm.y=0))>0),IF(ISNUMBER(SEARCH(" 1T",_xlpm.rawTwo)),IF(LEFT(_xlpm.rawTwo,4)="Over",1-_xlfn.POISSON.DIST(INT(_xlpm.lineTwo),_xlpm.lambdaFt,TRUE),_xlfn.POISSON.DIST(INT(_xlpm.lineTwo),_xlpm.lambdaFt,TRUE)),IF(LEFT(_xlpm.rawTwo,4)="Over",--((_xlpm.x+_xlpm.y)>_xlpm.lineTwo),IF(LEFT(_xlpm.rawTwo,5)="Under",--((_xlpm.x+_xlpm.y)<_xlpm.lineTwo),IF(_xlpm.rawTwo="TimeA vence",--(_xlpm.x>_xlpm.y),IF(_xlpm.rawTwo="TimeB vence",--(_xlpm.y>_xlpm.x),IF(_xlpm.rawTwo="Empate",--(_xlpm.x=_xlpm.y),IF(_xlpm.rawTwo="TimeA DC",--(_xlpm.x>=_xlpm.y),IF(_xlpm.rawTwo="TimeB DC",--(_xlpm.y>=_xlpm.x),IF(ISNUMBER(SEARCH("TimeA AH",_xlpm.rawTwo)),--(_xlpm.x+_xlpm.handTwo>_xlpm.y),IF(ISNUMBER(SEARCH("TimeB AH",_xlpm.rawTwo)),--(_xlpm.y+_xlpm.handTwo>_xlpm.x),1))))))))))))),SUM(_xlpm.p*_xlpm.condOne*_xlpm.condTwo)*_xlpm.multOne*_xlpm.multTwo),0)} -> 1 | H7: =1/Tabela37[[#This Row],[Odd Mercado]] -> #DIV/0! | I7: =(Tabela37[[#This Row],[P.Plan]]*0.45)+(Tabela37[[#This Row],[P.Font]]*0.55) -> 0.45 | J7: =1/Tabela37[[#This Row],[P.Comb]] -> 2.2222222 | L7: =(Tabela37[[#This Row],[Odd Mercado]]/Tabela37[[#This Row],[Odd Gatilho]])-1 -> -1 | M7: =IF(AND(I7>60%,L7>=-15%,L7<=15%),"⭐Conferir",IF(L7>15%,"✅✅ Forte Valor",IF(L7>10%,"✅ Entra",IF(L7>=0%,"🟡 Borderline",IF(L7<-15%,"🔴 Evitar","❌ Sem valor"))))) -> 🔴 Evitar | O7: =IF(N7="","— digite a odd —",IF(N7>=1.1/(1.1/Tabela37[[#This Row],[Odd Gatilho]]),"✅ ENTRA (edge "&TEXT(N7*(1.1/Tabela37[[#This Row],[Odd Gatilho]])-1,"0%")&")",IF(N7>=1/(1.1/Tabela37[[#This Row],[Odd Gatilho]]),"🟡 break-even (edge "&TEXT(N7*(1.1/Tabela37[[#This Row],[Odd Gatilho]])-1,"0%")&")","❌ sem valor"))) -> — digite a odd — | P7: =IF(OR(N7="",N7<=1),"",IF(N7<1/0.483,0,ROUND(MIN(3,MAX(0.5,0.25*((N7*0.483-1)/(N7-1))*10)),1))) | Q7: =IF(AND(--Tabela37[[#This Row],[P.Plan]]>--Tabela37[[#This Row],[P.Font]],--Tabela37[[#This Row],[P.Font]]>=--Tabela37[[#This Row],[P.Mkt]],--Tabela37[[#This Row],[P.Mkt]]>=60%),"🎯 Edge Real", IF(AND(--Tabela37[[#This Row],[P.Font]]>=--Tabela37[[#This Row],[P.Mkt]],--Tabela37[[#This Row],[P.Mkt]]>=60%),"📡 Sinal Externo", IF(AND(--Tabela37[[#This Row],[P.Comb]]>=65%,--Tabela37[[#This Row],[Odd Mercado]]<=1.8),"✅ Alta Certeza", IF(AND(--Tabela37[[#This Row],[P.Comb]]>=55%,--Tabela37[[#This Row],[Edge]]>0.1),"📊 Referência","❌ Sem critério")))) -> #DIV/0! | R7: =SUBSTITUTE(TRIM(LEFT(A7,FIND(" x ",A7)-1)),"USA","USMNT") -> #VALUE! | S7: =SUBSTITUTE(TRIM(MID(A7,FIND(" x ",A7)+3,100)),"USA","USMNT") -> #VALUE! | T7: =IFERROR(AVERAGE(INDEX('Jogos do Dia'!$O$2:$O$5,MATCH(R7&"|"&S7,'Jogos do Dia'!$AJ$2:$AJ$5,0)),INDEX('Jogos do Dia'!$P$2:$P$5,MATCH(S7&"|"&R7,'Jogos do Dia'!$AJ$2:$AJ$5,0))),1.2) -> 1.2 | U7: =IFERROR(AVERAGE(INDEX('Jogos do Dia'!$O$2:$O$5,MATCH(S7&"|"&R7,'Jogos do Dia'!$AJ$2:$AJ$5,0)),INDEX('Jogos do Dia'!$P$2:$P$5,MATCH(R7&"|"&S7,'Jogos do Dia'!$AJ$2:$AJ$5,0))),1.2) -> 1.2
F8: {=IFERROR(_xlfn.LET(_xlpm.critOne,D8,_xlpm.critTwo,E8,_xlpm.la,MAX(0,T8),_xlpm.lb,MAX(0,U8),_xlpm.g,_xlfn.SEQUENCE(21,,0),_xlpm.x,_xlpm.g,_xlpm.y,TRANSPOSE(_xlpm.g),_xlpm.p,_xlfn.POISSON.DIST(_xlpm.x,_xlpm.la,FALSE)*_xlfn.POISSON.DIST(_xlpm.y,_xlpm.lb,FALSE),_xlpm.rawOne,TRIM(IFERROR(_xlfn.TEXTBEFORE(_xlpm.critOne,"|"),_xlpm.critOne)),_xlpm.rawTwo,TRIM(IFERROR(_xlfn.TEXTBEFORE(_xlpm.critTwo,"|"),_xlpm.critTwo)),_xlpm.multOne,IFERROR(_xlfn.NUMBERVALUE(TRIM(_xlfn.TEXTAFTER(_xlpm.critOne,"|")),".",","),1),_xlpm.multTwo,IFERROR(_xlfn.NUMBERVALUE(TRIM(_xlfn.TEXTAFTER(_xlpm.critTwo,"|")),".",","),1),_xlpm.lineOne,IFERROR(_xlfn.NUMBERVALUE(_xlfn.TEXTBEFORE(_xlfn.TEXTAFTER(_xlpm.rawOne," ")&" "," "),".",","),0),_xlpm.lineTwo,IFERROR(_xlfn.NUMBERVALUE(_xlfn.TEXTBEFORE(_xlfn.TEXTAFTER(_xlpm.rawTwo," ")&" "," "),".",","),0),_xlpm.handOne,IFERROR(_xlfn.NUMBERVALUE(_xlfn.TEXTAFTER(_xlpm.rawOne,"AH "),".",","),0),_xlpm.handTwo,IFERROR(_xlfn.NUMBERVALUE(_xlfn.TEXTAFTER(_xlpm.rawTwo,"AH "),".",","),0),_xlpm.lambdaFt,(_xlpm.la+_xlpm.lb)*0.42,_xlpm.condOne,IF(_xlpm.rawOne="",1,IF(_xlpm.rawOne="BTTS Sim",--((_xlpm.x>0)*(_xlpm.y>0)),IF(_xlpm.rawOne="BTTS Não",--(((_xlpm.x=0)+(_xlpm.y=0))>0),IF(ISNUMBER(SEARCH(" 1T",_xlpm.rawOne)),IF(LEFT(_xlpm.rawOne,4)="Over",1-_xlfn.POISSON.DIST(INT(_xlpm.lineOne),_xlpm.lambdaFt,TRUE),_xlfn.POISSON.DIST(INT(_xlpm.lineOne),_xlpm.lambdaFt,TRUE)),IF(LEFT(_xlpm.rawOne,4)="Over",--((_xlpm.x+_xlpm.y)>_xlpm.lineOne),IF(LEFT(_xlpm.rawOne,5)="Under",--((_xlpm.x+_xlpm.y)<_xlpm.lineOne),IF(_xlpm.rawOne="TimeA vence",--(_xlpm.x>_xlpm.y),IF(_xlpm.rawOne="TimeB vence",--(_xlpm.y>_xlpm.x),IF(_xlpm.rawOne="Empate",--(_xlpm.x=_xlpm.y),IF(_xlpm.rawOne="TimeA DC",--(_xlpm.x>=_xlpm.y),IF(_xlpm.rawOne="TimeB DC",--(_xlpm.y>=_xlpm.x),IF(ISNUMBER(SEARCH("TimeA AH",_xlpm.rawOne)),--(_xlpm.x+_xlpm.handOne>_xlpm.y),IF(ISNUMBER(SEARCH("TimeB AH",_xlpm.rawOne)),--(_xlpm.y+_xlpm.handOne>_xlpm.x),1))))))))))))),_xlpm.condTwo,IF(_xlpm.rawTwo="",1,IF(_xlpm.rawTwo="BTTS Sim",--((_xlpm.x>0)*(_xlpm.y>0)),IF(_xlpm.rawTwo="BTTS Não",--(((_xlpm.x=0)+(_xlpm.y=0))>0),IF(ISNUMBER(SEARCH(" 1T",_xlpm.rawTwo)),IF(LEFT(_xlpm.rawTwo,4)="Over",1-_xlfn.POISSON.DIST(INT(_xlpm.lineTwo),_xlpm.lambdaFt,TRUE),_xlfn.POISSON.DIST(INT(_xlpm.lineTwo),_xlpm.lambdaFt,TRUE)),IF(LEFT(_xlpm.rawTwo,4)="Over",--((_xlpm.x+_xlpm.y)>_xlpm.lineTwo),IF(LEFT(_xlpm.rawTwo,5)="Under",--((_xlpm.x+_xlpm.y)<_xlpm.lineTwo),IF(_xlpm.rawTwo="TimeA vence",--(_xlpm.x>_xlpm.y),IF(_xlpm.rawTwo="TimeB vence",--(_xlpm.y>_xlpm.x),IF(_xlpm.rawTwo="Empate",--(_xlpm.x=_xlpm.y),IF(_xlpm.rawTwo="TimeA DC",--(_xlpm.x>=_xlpm.y),IF(_xlpm.rawTwo="TimeB DC",--(_xlpm.y>=_xlpm.x),IF(ISNUMBER(SEARCH("TimeA AH",_xlpm.rawTwo)),--(_xlpm.x+_xlpm.handTwo>_xlpm.y),IF(ISNUMBER(SEARCH("TimeB AH",_xlpm.rawTwo)),--(_xlpm.y+_xlpm.handTwo>_xlpm.x),1))))))))))))),SUM(_xlpm.p*_xlpm.condOne*_xlpm.condTwo)*_xlpm.multOne*_xlpm.multTwo),0)} -> 1 | H8: =1/Tabela37[[#This Row],[Odd Mercado]] -> #DIV/0! | I8: =(Tabela37[[#This Row],[P.Plan]]*0.45)+(Tabela37[[#This Row],[P.Font]]*0.55) -> 0.45 | J8: =1/Tabela37[[#This Row],[P.Comb]] -> 2.2222222 | L8: =(Tabela37[[#This Row],[Odd Mercado]]/Tabela37[[#This Row],[Odd Gatilho]])-1 -> -1 | M8: =IF(AND(I8>60%,L8>=-15%,L8<=15%),"⭐Conferir",IF(L8>15%,"✅✅ Forte Valor",IF(L8>10%,"✅ Entra",IF(L8>=0%,"🟡 Borderline",IF(L8<-15%,"🔴 Evitar","❌ Sem valor"))))) -> 🔴 Evitar | O8: =IF(N8="","— digite a odd —",IF(N8>=1.1/(1.1/Tabela37[[#This Row],[Odd Gatilho]]),"✅ ENTRA (edge "&TEXT(N8*(1.1/Tabela37[[#This Row],[Odd Gatilho]])-1,"0%")&")",IF(N8>=1/(1.1/Tabela37[[#This Row],[Odd Gatilho]]),"🟡 break-even (edge "&TEXT(N8*(1.1/Tabela37[[#This Row],[Odd Gatilho]])-1,"0%")&")","❌ sem valor"))) -> — digite a odd — | P8: =IF(OR(N8="",N8<=1),"",IF(N8<1/0.483,0,ROUND(MIN(3,MAX(0.5,0.25*((N8*0.483-1)/(N8-1))*10)),1))) | Q8: =IF(AND(--Tabela37[[#This Row],[P.Plan]]>--Tabela37[[#This Row],[P.Font]],--Tabela37[[#This Row],[P.Font]]>=--Tabela37[[#This Row],[P.Mkt]],--Tabela37[[#This Row],[P.Mkt]]>=60%),"🎯 Edge Real", IF(AND(--Tabela37[[#This Row],[P.Font]]>=--Tabela37[[#This Row],[P.Mkt]],--Tabela37[[#This Row],[P.Mkt]]>=60%),"📡 Sinal Externo", IF(AND(--Tabela37[[#This Row],[P.Comb]]>=65%,--Tabela37[[#This Row],[Odd Mercado]]<=1.8),"✅ Alta Certeza", IF(AND(--Tabela37[[#This Row],[P.Comb]]>=55%,--Tabela37[[#This Row],[Edge]]>0.1),"📊 Referência","❌ Sem critério")))) -> #DIV/0! | R8: =SUBSTITUTE(TRIM(LEFT(A8,FIND(" x ",A8)-1)),"USA","USMNT") -> #VALUE! | S8: =SUBSTITUTE(TRIM(MID(A8,FIND(" x ",A8)+3,100)),"USA","USMNT") -> #VALUE! | T8: =IFERROR(AVERAGE(INDEX('Jogos do Dia'!$O$2:$O$5,MATCH(R8&"|"&S8,'Jogos do Dia'!$AJ$2:$AJ$5,0)),INDEX('Jogos do Dia'!$P$2:$P$5,MATCH(S8&"|"&R8,'Jogos do Dia'!$AJ$2:$AJ$5,0))),1.2) -> 1.2 | U8: =IFERROR(AVERAGE(INDEX('Jogos do Dia'!$O$2:$O$5,MATCH(S8&"|"&R8,'Jogos do Dia'!$AJ$2:$AJ$5,0)),INDEX('Jogos do Dia'!$P$2:$P$5,MATCH(R8&"|"&S8,'Jogos do Dia'!$AJ$2:$AJ$5,0))),1.2) -> 1.2
F9: {=IFERROR(_xlfn.LET(_xlpm.critOne,D9,_xlpm.critTwo,E9,_xlpm.la,MAX(0,T9),_xlpm.lb,MAX(0,U9),_xlpm.g,_xlfn.SEQUENCE(21,,0),_xlpm.x,_xlpm.g,_xlpm.y,TRANSPOSE(_xlpm.g),_xlpm.p,_xlfn.POISSON.DIST(_xlpm.x,_xlpm.la,FALSE)*_xlfn.POISSON.DIST(_xlpm.y,_xlpm.lb,FALSE),_xlpm.rawOne,TRIM(IFERROR(_xlfn.TEXTBEFORE(_xlpm.critOne,"|"),_xlpm.critOne)),_xlpm.rawTwo,TRIM(IFERROR(_xlfn.TEXTBEFORE(_xlpm.critTwo,"|"),_xlpm.critTwo)),_xlpm.multOne,IFERROR(_xlfn.NUMBERVALUE(TRIM(_xlfn.TEXTAFTER(_xlpm.critOne,"|")),".",","),1),_xlpm.multTwo,IFERROR(_xlfn.NUMBERVALUE(TRIM(_xlfn.TEXTAFTER(_xlpm.critTwo,"|")),".",","),1),_xlpm.lineOne,IFERROR(_xlfn.NUMBERVALUE(_xlfn.TEXTBEFORE(_xlfn.TEXTAFTER(_xlpm.rawOne," ")&" "," "),".",","),0),_xlpm.lineTwo,IFERROR(_xlfn.NUMBERVALUE(_xlfn.TEXTBEFORE(_xlfn.TEXTAFTER(_xlpm.rawTwo," ")&" "," "),".",","),0),_xlpm.handOne,IFERROR(_xlfn.NUMBERVALUE(_xlfn.TEXTAFTER(_xlpm.rawOne,"AH "),".",","),0),_xlpm.handTwo,IFERROR(_xlfn.NUMBERVALUE(_xlfn.TEXTAFTER(_xlpm.rawTwo,"AH "),".",","),0),_xlpm.lambdaFt,(_xlpm.la+_xlpm.lb)*0.42,_xlpm.condOne,IF(_xlpm.rawOne="",1,IF(_xlpm.rawOne="BTTS Sim",--((_xlpm.x>0)*(_xlpm.y>0)),IF(_xlpm.rawOne="BTTS Não",--(((_xlpm.x=0)+(_xlpm.y=0))>0),IF(ISNUMBER(SEARCH(" 1T",_xlpm.rawOne)),IF(LEFT(_xlpm.rawOne,4)="Over",1-_xlfn.POISSON.DIST(INT(_xlpm.lineOne),_xlpm.lambdaFt,TRUE),_xlfn.POISSON.DIST(INT(_xlpm.lineOne),_xlpm.lambdaFt,TRUE)),IF(LEFT(_xlpm.rawOne,4)="Over",--((_xlpm.x+_xlpm.y)>_xlpm.lineOne),IF(LEFT(_xlpm.rawOne,5)="Under",--((_xlpm.x+_xlpm.y)<_xlpm.lineOne),IF(_xlpm.rawOne="TimeA vence",--(_xlpm.x>_xlpm.y),IF(_xlpm.rawOne="TimeB vence",--(_xlpm.y>_xlpm.x),IF(_xlpm.rawOne="Empate",--(_xlpm.x=_xlpm.y),IF(_xlpm.rawOne="TimeA DC",--(_xlpm.x>=_xlpm.y),IF(_xlpm.rawOne="TimeB DC",--(_xlpm.y>=_xlpm.x),IF(ISNUMBER(SEARCH("TimeA AH",_xlpm.rawOne)),--(_xlpm.x+_xlpm.handOne>_xlpm.y),IF(ISNUMBER(SEARCH("TimeB AH",_xlpm.rawOne)),--(_xlpm.y+_xlpm.handOne>_xlpm.x),1))))))))))))),_xlpm.condTwo,IF(_xlpm.rawTwo="",1,IF(_xlpm.rawTwo="BTTS Sim",--((_xlpm.x>0)*(_xlpm.y>0)),IF(_xlpm.rawTwo="BTTS Não",--(((_xlpm.x=0)+(_xlpm.y=0))>0),IF(ISNUMBER(SEARCH(" 1T",_xlpm.rawTwo)),IF(LEFT(_xlpm.rawTwo,4)="Over",1-_xlfn.POISSON.DIST(INT(_xlpm.lineTwo),_xlpm.lambdaFt,TRUE),_xlfn.POISSON.DIST(INT(_xlpm.lineTwo),_xlpm.lambdaFt,TRUE)),IF(LEFT(_xlpm.rawTwo,4)="Over",--((_xlpm.x+_xlpm.y)>_xlpm.lineTwo),IF(LEFT(_xlpm.rawTwo,5)="Under",--((_xlpm.x+_xlpm.y)<_xlpm.lineTwo),IF(_xlpm.rawTwo="TimeA vence",--(_xlpm.x>_xlpm.y),IF(_xlpm.rawTwo="TimeB vence",--(_xlpm.y>_xlpm.x),IF(_xlpm.rawTwo="Empate",--(_xlpm.x=_xlpm.y),IF(_xlpm.rawTwo="TimeA DC",--(_xlpm.x>=_xlpm.y),IF(_xlpm.rawTwo="TimeB DC",--(_xlpm.y>=_xlpm.x),IF(ISNUMBER(SEARCH("TimeA AH",_xlpm.rawTwo)),--(_xlpm.x+_xlpm.handTwo>_xlpm.y),IF(ISNUMBER(SEARCH("TimeB AH",_xlpm.rawTwo)),--(_xlpm.y+_xlpm.handTwo>_xlpm.x),1))))))))))))),SUM(_xlpm.p*_xlpm.condOne*_xlpm.condTwo)*_xlpm.multOne*_xlpm.multTwo),0)} -> 1 | H9: =1/Tabela37[[#This Row],[Odd Mercado]] -> #DIV/0! | I9: =(Tabela37[[#This Row],[P.Plan]]*0.45)+(Tabela37[[#This Row],[P.Font]]*0.55) -> 0.45 | J9: =1/Tabela37[[#This Row],[P.Comb]] -> 2.2222222 | L9: =(Tabela37[[#This Row],[Odd Mercado]]/Tabela37[[#This Row],[Odd Gatilho]])-1 -> -1 | M9: =IF(AND(I9>60%,L9>=-15%,L9<=15%),"⭐Conferir",IF(L9>15%,"✅✅ Forte Valor",IF(L9>10%,"✅ Entra",IF(L9>=0%,"🟡 Borderline",IF(L9<-15%,"🔴 Evitar","❌ Sem valor"))))) -> 🔴 Evitar | O9: =IF(N9="","— digite a odd —",IF(N9>=1.1/(1.1/Tabela37[[#This Row],[Odd Gatilho]]),"✅ ENTRA (edge "&TEXT(N9*(1.1/Tabela37[[#This Row],[Odd Gatilho]])-1,"0%")&")",IF(N9>=1/(1.1/Tabela37[[#This Row],[Odd Gatilho]]),"🟡 break-even (edge "&TEXT(N9*(1.1/Tabela37[[#This Row],[Odd Gatilho]])-1,"0%")&")","❌ sem valor"))) -> — digite a odd — | P9: =IF(OR(N9="",N9<=1),"",IF(N9<1/0.483,0,ROUND(MIN(3,MAX(0.5,0.25*((N9*0.483-1)/(N9-1))*10)),1))) | Q9: =IF(AND(--Tabela37[[#This Row],[P.Plan]]>--Tabela37[[#This Row],[P.Font]],--Tabela37[[#This Row],[P.Font]]>=--Tabela37[[#This Row],[P.Mkt]],--Tabela37[[#This Row],[P.Mkt]]>=60%),"🎯 Edge Real", IF(AND(--Tabela37[[#This Row],[P.Font]]>=--Tabela37[[#This Row],[P.Mkt]],--Tabela37[[#This Row],[P.Mkt]]>=60%),"📡 Sinal Externo", IF(AND(--Tabela37[[#This Row],[P.Comb]]>=65%,--Tabela37[[#This Row],[Odd Mercado]]<=1.8),"✅ Alta Certeza", IF(AND(--Tabela37[[#This Row],[P.Comb]]>=55%,--Tabela37[[#This Row],[Edge]]>0.1),"📊 Referência","❌ Sem critério")))) -> #DIV/0! | R9: =SUBSTITUTE(TRIM(LEFT(A9,FIND(" x ",A9)-1)),"USA","USMNT") -> #VALUE! | S9: =SUBSTITUTE(TRIM(MID(A9,FIND(" x ",A9)+3,100)),"USA","USMNT") -> #VALUE! | T9: =IFERROR(AVERAGE(INDEX('Jogos do Dia'!$O$2:$O$5,MATCH(R9&"|"&S9,'Jogos do Dia'!$AJ$2:$AJ$5,0)),INDEX('Jogos do Dia'!$P$2:$P$5,MATCH(S9&"|"&R9,'Jogos do Dia'!$AJ$2:$AJ$5,0))),1.2) -> 1.2 | U9: =IFERROR(AVERAGE(INDEX('Jogos do Dia'!$O$2:$O$5,MATCH(S9&"|"&R9,'Jogos do Dia'!$AJ$2:$AJ$5,0)),INDEX('Jogos do Dia'!$P$2:$P$5,MATCH(R9&"|"&S9,'Jogos do Dia'!$AJ$2:$AJ$5,0))),1.2) -> 1.2
F10: {=IFERROR(_xlfn.LET(_xlpm.critOne,D10,_xlpm.critTwo,E10,_xlpm.la,MAX(0,T10),_xlpm.lb,MAX(0,U10),_xlpm.g,_xlfn.SEQUENCE(21,,0),_xlpm.x,_xlpm.g,_xlpm.y,TRANSPOSE(_xlpm.g),_xlpm.p,_xlfn.POISSON.DIST(_xlpm.x,_xlpm.la,FALSE)*_xlfn.POISSON.DIST(_xlpm.y,_xlpm.lb,FALSE),_xlpm.rawOne,TRIM(IFERROR(_xlfn.TEXTBEFORE(_xlpm.critOne,"|"),_xlpm.critOne)),_xlpm.rawTwo,TRIM(IFERROR(_xlfn.TEXTBEFORE(_xlpm.critTwo,"|"),_xlpm.critTwo)),_xlpm.multOne,IFERROR(_xlfn.NUMBERVALUE(TRIM(_xlfn.TEXTAFTER(_xlpm.critOne,"|")),".",","),1),_xlpm.multTwo,IFERROR(_xlfn.NUMBERVALUE(TRIM(_xlfn.TEXTAFTER(_xlpm.critTwo,"|")),".",","),1),_xlpm.lineOne,IFERROR(_xlfn.NUMBERVALUE(_xlfn.TEXTBEFORE(_xlfn.TEXTAFTER(_xlpm.rawOne," ")&" "," "),".",","),0),_xlpm.lineTwo,IFERROR(_xlfn.NUMBERVALUE(_xlfn.TEXTBEFORE(_xlfn.TEXTAFTER(_xlpm.rawTwo," ")&" "," "),".",","),0),_xlpm.handOne,IFERROR(_xlfn.NUMBERVALUE(_xlfn.TEXTAFTER(_xlpm.rawOne,"AH "),".",","),0),_xlpm.handTwo,IFERROR(_xlfn.NUMBERVALUE(_xlfn.TEXTAFTER(_xlpm.rawTwo,"AH "),".",","),0),_xlpm.lambdaFt,(_xlpm.la+_xlpm.lb)*0.42,_xlpm.condOne,IF(_xlpm.rawOne="",1,IF(_xlpm.rawOne="BTTS Sim",--((_xlpm.x>0)*(_xlpm.y>0)),IF(_xlpm.rawOne="BTTS Não",--(((_xlpm.x=0)+(_xlpm.y=0))>0),IF(ISNUMBER(SEARCH(" 1T",_xlpm.rawOne)),IF(LEFT(_xlpm.rawOne,4)="Over",1-_xlfn.POISSON.DIST(INT(_xlpm.lineOne),_xlpm.lambdaFt,TRUE),_xlfn.POISSON.DIST(INT(_xlpm.lineOne),_xlpm.lambdaFt,TRUE)),IF(LEFT(_xlpm.rawOne,4)="Over",--((_xlpm.x+_xlpm.y)>_xlpm.lineOne),IF(LEFT(_xlpm.rawOne,5)="Under",--((_xlpm.x+_xlpm.y)<_xlpm.lineOne),IF(_xlpm.rawOne="TimeA vence",--(_xlpm.x>_xlpm.y),IF(_xlpm.rawOne="TimeB vence",--(_xlpm.y>_xlpm.x),IF(_xlpm.rawOne="Empate",--(_xlpm.x=_xlpm.y),IF(_xlpm.rawOne="TimeA DC",--(_xlpm.x>=_xlpm.y),IF(_xlpm.rawOne="TimeB DC",--(_xlpm.y>=_xlpm.x),IF(ISNUMBER(SEARCH("TimeA AH",_xlpm.rawOne)),--(_xlpm.x+_xlpm.handOne>_xlpm.y),IF(ISNUMBER(SEARCH("TimeB AH",_xlpm.rawOne)),--(_xlpm.y+_xlpm.handOne>_xlpm.x),1))))))))))))),_xlpm.condTwo,IF(_xlpm.rawTwo="",1,IF(_xlpm.rawTwo="BTTS Sim",--((_xlpm.x>0)*(_xlpm.y>0)),IF(_xlpm.rawTwo="BTTS Não",--(((_xlpm.x=0)+(_xlpm.y=0))>0),IF(ISNUMBER(SEARCH(" 1T",_xlpm.rawTwo)),IF(LEFT(_xlpm.rawTwo,4)="Over",1-_xlfn.POISSON.DIST(INT(_xlpm.lineTwo),_xlpm.lambdaFt,TRUE),_xlfn.POISSON.DIST(INT(_xlpm.lineTwo),_xlpm.lambdaFt,TRUE)),IF(LEFT(_xlpm.rawTwo,4)="Over",--((_xlpm.x+_xlpm.y)>_xlpm.lineTwo),IF(LEFT(_xlpm.rawTwo,5)="Under",--((_xlpm.x+_xlpm.y)<_xlpm.lineTwo),IF(_xlpm.rawTwo="TimeA vence",--(_xlpm.x>_xlpm.y),IF(_xlpm.rawTwo="TimeB vence",--(_xlpm.y>_xlpm.x),IF(_xlpm.rawTwo="Empate",--(_xlpm.x=_xlpm.y),IF(_xlpm.rawTwo="TimeA DC",--(_xlpm.x>=_xlpm.y),IF(_xlpm.rawTwo="TimeB DC",--(_xlpm.y>=_xlpm.x),IF(ISNUMBER(SEARCH("TimeA AH",_xlpm.rawTwo)),--(_xlpm.x+_xlpm.handTwo>_xlpm.y),IF(ISNUMBER(SEARCH("TimeB AH",_xlpm.rawTwo)),--(_xlpm.y+_xlpm.handTwo>_xlpm.x),1))))))))))))),SUM(_xlpm.p*_xlpm.condOne*_xlpm.condTwo)*_xlpm.multOne*_xlpm.multTwo),0)} -> 1 | H10: =1/Tabela37[[#This Row],[Odd Mercado]] -> #DIV/0! | I10: =(Tabela37[[#This Row],[P.Plan]]*0.45)+(Tabela37[[#This Row],[P.Font]]*0.55) -> 0.45 | J10: =1/Tabela37[[#This Row],[P.Comb]] -> 2.2222222 | L10: =(Tabela37[[#This Row],[Odd Mercado]]/Tabela37[[#This Row],[Odd Gatilho]])-1 -> -1 | M10: =IF(AND(I10>60%,L10>=-15%,L10<=15%),"⭐Conferir",IF(L10>15%,"✅✅ Forte Valor",IF(L10>10%,"✅ Entra",IF(L10>=0%,"🟡 Borderline",IF(L10<-15%,"🔴 Evitar","❌ Sem valor"))))) -> 🔴 Evitar | O10: =IF(N10="","— digite a odd —",IF(N10>=1.1/(1.1/Tabela37[[#This Row],[Odd Gatilho]]),"✅ ENTRA (edge "&TEXT(N10*(1.1/Tabela37[[#This Row],[Odd Gatilho]])-1,"0%")&")",IF(N10>=1/(1.1/Tabela37[[#This Row],[Odd Gatilho]]),"🟡 break-even (edge "&TEXT(N10*(1.1/Tabela37[[#This Row],[Odd Gatilho]])-1,"0%")&")","❌ sem valor"))) -> — digite a odd — | P10: =IF(OR(N10="",N10<=1),"",IF(N10<1/0.483,0,ROUND(MIN(3,MAX(0.5,0.25*((N10*0.483-1)/(N10-1))*10)),1))) | Q10: =IF(AND(--Tabela37[[#This Row],[P.Plan]]>--Tabela37[[#This Row],[P.Font]],--Tabela37[[#This Row],[P.Font]]>=--Tabela37[[#This Row],[P.Mkt]],--Tabela37[[#This Row],[P.Mkt]]>=60%),"🎯 Edge Real", IF(AND(--Tabela37[[#This Row],[P.Font]]>=--Tabela37[[#This Row],[P.Mkt]],--Tabela37[[#This Row],[P.Mkt]]>=60%),"📡 Sinal Externo", IF(AND(--Tabela37[[#This Row],[P.Comb]]>=65%,--Tabela37[[#This Row],[Odd Mercado]]<=1.8),"✅ Alta Certeza", IF(AND(--Tabela37[[#This Row],[P.Comb]]>=55%,--Tabela37[[#This Row],[Edge]]>0.1),"📊 Referência","❌ Sem critério")))) -> #DIV/0! | R10: =SUBSTITUTE(TRIM(LEFT(A10,FIND(" x ",A10)-1)),"USA","USMNT") -> #VALUE! | S10: =SUBSTITUTE(TRIM(MID(A10,FIND(" x ",A10)+3,100)),"USA","USMNT") -> #VALUE! | T10: =IFERROR(AVERAGE(INDEX('Jogos do Dia'!$O$2:$O$5,MATCH(R10&"|"&S10,'Jogos do Dia'!$AJ$2:$AJ$5,0)),INDEX('Jogos do Dia'!$P$2:$P$5,MATCH(S10&"|"&R10,'Jogos do Dia'!$AJ$2:$AJ$5,0))),1.2) -> 1.2 | U10: =IFERROR(AVERAGE(INDEX('Jogos do Dia'!$O$2:$O$5,MATCH(S10&"|"&R10,'Jogos do Dia'!$AJ$2:$AJ$5,0)),INDEX('Jogos do Dia'!$P$2:$P$5,MATCH(R10&"|"&S10,'Jogos do Dia'!$AJ$2:$AJ$5,0))),1.2) -> 1.2
F11: {=IFERROR(_xlfn.LET(_xlpm.critOne,D11,_xlpm.critTwo,E11,_xlpm.la,MAX(0,T11),_xlpm.lb,MAX(0,U11),_xlpm.g,_xlfn.SEQUENCE(21,,0),_xlpm.x,_xlpm.g,_xlpm.y,TRANSPOSE(_xlpm.g),_xlpm.p,_xlfn.POISSON.DIST(_xlpm.x,_xlpm.la,FALSE)*_xlfn.POISSON.DIST(_xlpm.y,_xlpm.lb,FALSE),_xlpm.rawOne,TRIM(IFERROR(_xlfn.TEXTBEFORE(_xlpm.critOne,"|"),_xlpm.critOne)),_xlpm.rawTwo,TRIM(IFERROR(_xlfn.TEXTBEFORE(_xlpm.critTwo,"|"),_xlpm.critTwo)),_xlpm.multOne,IFERROR(_xlfn.NUMBERVALUE(TRIM(_xlfn.TEXTAFTER(_xlpm.critOne,"|")),".",","),1),_xlpm.multTwo,IFERROR(_xlfn.NUMBERVALUE(TRIM(_xlfn.TEXTAFTER(_xlpm.critTwo,"|")),".",","),1),_xlpm.lineOne,IFERROR(_xlfn.NUMBERVALUE(_xlfn.TEXTBEFORE(_xlfn.TEXTAFTER(_xlpm.rawOne," ")&" "," "),".",","),0),_xlpm.lineTwo,IFERROR(_xlfn.NUMBERVALUE(_xlfn.TEXTBEFORE(_xlfn.TEXTAFTER(_xlpm.rawTwo," ")&" "," "),".",","),0),_xlpm.handOne,IFERROR(_xlfn.NUMBERVALUE(_xlfn.TEXTAFTER(_xlpm.rawOne,"AH "),".",","),0),_xlpm.handTwo,IFERROR(_xlfn.NUMBERVALUE(_xlfn.TEXTAFTER(_xlpm.rawTwo,"AH "),".",","),0),_xlpm.lambdaFt,(_xlpm.la+_xlpm.lb)*0.42,_xlpm.condOne,IF(_xlpm.rawOne="",1,IF(_xlpm.rawOne="BTTS Sim",--((_xlpm.x>0)*(_xlpm.y>0)),IF(_xlpm.rawOne="BTTS Não",--(((_xlpm.x=0)+(_xlpm.y=0))>0),IF(ISNUMBER(SEARCH(" 1T",_xlpm.rawOne)),IF(LEFT(_xlpm.rawOne,4)="Over",1-_xlfn.POISSON.DIST(INT(_xlpm.lineOne),_xlpm.lambdaFt,TRUE),_xlfn.POISSON.DIST(INT(_xlpm.lineOne),_xlpm.lambdaFt,TRUE)),IF(LEFT(_xlpm.rawOne,4)="Over",--((_xlpm.x+_xlpm.y)>_xlpm.lineOne),IF(LEFT(_xlpm.rawOne,5)="Under",--((_xlpm.x+_xlpm.y)<_xlpm.lineOne),IF(_xlpm.rawOne="TimeA vence",--(_xlpm.x>_xlpm.y),IF(_xlpm.rawOne="TimeB vence",--(_xlpm.y>_xlpm.x),IF(_xlpm.rawOne="Empate",--(_xlpm.x=_xlpm.y),IF(_xlpm.rawOne="TimeA DC",--(_xlpm.x>=_xlpm.y),IF(_xlpm.rawOne="TimeB DC",--(_xlpm.y>=_xlpm.x),IF(ISNUMBER(SEARCH("TimeA AH",_xlpm.rawOne)),--(_xlpm.x+_xlpm.handOne>_xlpm.y),IF(ISNUMBER(SEARCH("TimeB AH",_xlpm.rawOne)),--(_xlpm.y+_xlpm.handOne>_xlpm.x),1))))))))))))),_xlpm.condTwo,IF(_xlpm.rawTwo="",1,IF(_xlpm.rawTwo="BTTS Sim",--((_xlpm.x>0)*(_xlpm.y>0)),IF(_xlpm.rawTwo="BTTS Não",--(((_xlpm.x=0)+(_xlpm.y=0))>0),IF(ISNUMBER(SEARCH(" 1T",_xlpm.rawTwo)),IF(LEFT(_xlpm.rawTwo,4)="Over",1-_xlfn.POISSON.DIST(INT(_xlpm.lineTwo),_xlpm.lambdaFt,TRUE),_xlfn.POISSON.DIST(INT(_xlpm.lineTwo),_xlpm.lambdaFt,TRUE)),IF(LEFT(_xlpm.rawTwo,4)="Over",--((_xlpm.x+_xlpm.y)>_xlpm.lineTwo),IF(LEFT(_xlpm.rawTwo,5)="Under",--((_xlpm.x+_xlpm.y)<_xlpm.lineTwo),IF(_xlpm.rawTwo="TimeA vence",--(_xlpm.x>_xlpm.y),IF(_xlpm.rawTwo="TimeB vence",--(_xlpm.y>_xlpm.x),IF(_xlpm.rawTwo="Empate",--(_xlpm.x=_xlpm.y),IF(_xlpm.rawTwo="TimeA DC",--(_xlpm.x>=_xlpm.y),IF(_xlpm.rawTwo="TimeB DC",--(_xlpm.y>=_xlpm.x),IF(ISNUMBER(SEARCH("TimeA AH",_xlpm.rawTwo)),--(_xlpm.x+_xlpm.handTwo>_xlpm.y),IF(ISNUMBER(SEARCH("TimeB AH",_xlpm.rawTwo)),--(_xlpm.y+_xlpm.handTwo>_xlpm.x),1))))))))))))),SUM(_xlpm.p*_xlpm.condOne*_xlpm.condTwo)*_xlpm.multOne*_xlpm.multTwo),0)} -> 1 | H11: =1/Tabela37[[#This Row],[Odd Mercado]] -> #DIV/0! | I11: =(Tabela37[[#This Row],[P.Plan]]*0.45)+(Tabela37[[#This Row],[P.Font]]*0.55) -> 0.45 | J11: =1/Tabela37[[#This Row],[P.Comb]] -> 2.2222222 | L11: =(Tabela37[[#This Row],[Odd Mercado]]/Tabela37[[#This Row],[Odd Gatilho]])-1 -> -1 | M11: =IF(AND(I11>60%,L11>=-15%,L11<=15%),"⭐Conferir",IF(L11>15%,"✅✅ Forte Valor",IF(L11>10%,"✅ Entra",IF(L11>=0%,"🟡 Borderline",IF(L11<-15%,"🔴 Evitar","❌ Sem valor"))))) -> 🔴 Evitar | O11: =IF(N12="","— digite a odd —",IF(N12>=1.1/(1.1/Tabela37[[#This Row],[Odd Gatilho]]),"✅ ENTRA (edge "&TEXT(N12*(1.1/Tabela37[[#This Row],[Odd Gatilho]])-1,"0%")&")",IF(N12>=1/(1.1/Tabela37[[#This Row],[Odd Gatilho]]),"🟡 break-even (edge "&TEXT(N12*(1.1/Tabela37[[#This Row],[Odd Gatilho]])-1,"0%")&")","❌ sem valor"))) -> — digite a odd — | P11: =IF(OR(N12="",N12<=1),"",IF(N12<1/0.483,0,ROUND(MIN(3,MAX(0.5,0.25*((N12*0.483-1)/(N12-1))*10)),1))) | Q11: =IF(AND(--Tabela37[[#This Row],[P.Plan]]>--Tabela37[[#This Row],[P.Font]],--Tabela37[[#This Row],[P.Font]]>=--Tabela37[[#This Row],[P.Mkt]],--Tabela37[[#This Row],[P.Mkt]]>=60%),"🎯 Edge Real", IF(AND(--Tabela37[[#This Row],[P.Font]]>=--Tabela37[[#This Row],[P.Mkt]],--Tabela37[[#This Row],[P.Mkt]]>=60%),"📡 Sinal Externo", IF(AND(--Tabela37[[#This Row],[P.Comb]]>=65%,--Tabela37[[#This Row],[Odd Mercado]]<=1.8),"✅ Alta Certeza", IF(AND(--Tabela37[[#This Row],[P.Comb]]>=55%,--Tabela37[[#This Row],[Edge]]>0.1),"📊 Referência","❌ Sem critério")))) -> #DIV/0! | R11: =SUBSTITUTE(TRIM(LEFT(A11,FIND(" x ",A11)-1)),"USA","USMNT") -> #VALUE! | S11: =SUBSTITUTE(TRIM(MID(A11,FIND(" x ",A11)+3,100)),"USA","USMNT") -> #VALUE! | T11: =IFERROR(AVERAGE(INDEX('Jogos do Dia'!$O$2:$O$5,MATCH(R11&"|"&S11,'Jogos do Dia'!$AJ$2:$AJ$5,0)),INDEX('Jogos do Dia'!$P$2:$P$5,MATCH(S11&"|"&R11,'Jogos do Dia'!$AJ$2:$AJ$5,0))),1.2) -> 1.2 | U11: =IFERROR(AVERAGE(INDEX('Jogos do Dia'!$O$2:$O$5,MATCH(S11&"|"&R11,'Jogos do Dia'!$AJ$2:$AJ$5,0)),INDEX('Jogos do Dia'!$P$2:$P$5,MATCH(R11&"|"&S11,'Jogos do Dia'!$AJ$2:$AJ$5,0))),1.2) -> 1.2
F12: {=IFERROR(_xlfn.LET(_xlpm.critOne,D12,_xlpm.critTwo,E12,_xlpm.la,MAX(0,T12),_xlpm.lb,MAX(0,U12),_xlpm.g,_xlfn.SEQUENCE(21,,0),_xlpm.x,_xlpm.g,_xlpm.y,TRANSPOSE(_xlpm.g),_xlpm.p,_xlfn.POISSON.DIST(_xlpm.x,_xlpm.la,FALSE)*_xlfn.POISSON.DIST(_xlpm.y,_xlpm.lb,FALSE),_xlpm.rawOne,TRIM(IFERROR(_xlfn.TEXTBEFORE(_xlpm.critOne,"|"),_xlpm.critOne)),_xlpm.rawTwo,TRIM(IFERROR(_xlfn.TEXTBEFORE(_xlpm.critTwo,"|"),_xlpm.critTwo)),_xlpm.multOne,IFERROR(_xlfn.NUMBERVALUE(TRIM(_xlfn.TEXTAFTER(_xlpm.critOne,"|")),".",","),1),_xlpm.multTwo,IFERROR(_xlfn.NUMBERVALUE(TRIM(_xlfn.TEXTAFTER(_xlpm.critTwo,"|")),".",","),1),_xlpm.lineOne,IFERROR(_xlfn.NUMBERVALUE(_xlfn.TEXTBEFORE(_xlfn.TEXTAFTER(_xlpm.rawOne," ")&" "," "),".",","),0),_xlpm.lineTwo,IFERROR(_xlfn.NUMBERVALUE(_xlfn.TEXTBEFORE(_xlfn.TEXTAFTER(_xlpm.rawTwo," ")&" "," "),".",","),0),_xlpm.handOne,IFERROR(_xlfn.NUMBERVALUE(_xlfn.TEXTAFTER(_xlpm.rawOne,"AH "),".",","),0),_xlpm.handTwo,IFERROR(_xlfn.NUMBERVALUE(_xlfn.TEXTAFTER(_xlpm.rawTwo,"AH "),".",","),0),_xlpm.lambdaFt,(_xlpm.la+_xlpm.lb)*0.42,_xlpm.condOne,IF(_xlpm.rawOne="",1,IF(_xlpm.rawOne="BTTS Sim",--((_xlpm.x>0)*(_xlpm.y>0)),IF(_xlpm.rawOne="BTTS Não",--(((_xlpm.x=0)+(_xlpm.y=0))>0),IF(ISNUMBER(SEARCH(" 1T",_xlpm.rawOne)),IF(LEFT(_xlpm.rawOne,4)="Over",1-_xlfn.POISSON.DIST(INT(_xlpm.lineOne),_xlpm.lambdaFt,TRUE),_xlfn.POISSON.DIST(INT(_xlpm.lineOne),_xlpm.lambdaFt,TRUE)),IF(LEFT(_xlpm.rawOne,4)="Over",--((_xlpm.x+_xlpm.y)>_xlpm.lineOne),IF(LEFT(_xlpm.rawOne,5)="Under",--((_xlpm.x+_xlpm.y)<_xlpm.lineOne),IF(_xlpm.rawOne="TimeA vence",--(_xlpm.x>_xlpm.y),IF(_xlpm.rawOne="TimeB vence",--(_xlpm.y>_xlpm.x),IF(_xlpm.rawOne="Empate",--(_xlpm.x=_xlpm.y),IF(_xlpm.rawOne="TimeA DC",--(_xlpm.x>=_xlpm.y),IF(_xlpm.rawOne="TimeB DC",--(_xlpm.y>=_xlpm.x),IF(ISNUMBER(SEARCH("TimeA AH",_xlpm.rawOne)),--(_xlpm.x+_xlpm.handOne>_xlpm.y),IF(ISNUMBER(SEARCH("TimeB AH",_xlpm.rawOne)),--(_xlpm.y+_xlpm.handOne>_xlpm.x),1))))))))))))),_xlpm.condTwo,IF(_xlpm.rawTwo="",1,IF(_xlpm.rawTwo="BTTS Sim",--((_xlpm.x>0)*(_xlpm.y>0)),IF(_xlpm.rawTwo="BTTS Não",--(((_xlpm.x=0)+(_xlpm.y=0))>0),IF(ISNUMBER(SEARCH(" 1T",_xlpm.rawTwo)),IF(LEFT(_xlpm.rawTwo,4)="Over",1-_xlfn.POISSON.DIST(INT(_xlpm.lineTwo),_xlpm.lambdaFt,TRUE),_xlfn.POISSON.DIST(INT(_xlpm.lineTwo),_xlpm.lambdaFt,TRUE)),IF(LEFT(_xlpm.rawTwo,4)="Over",--((_xlpm.x+_xlpm.y)>_xlpm.lineTwo),IF(LEFT(_xlpm.rawTwo,5)="Under",--((_xlpm.x+_xlpm.y)<_xlpm.lineTwo),IF(_xlpm.rawTwo="TimeA vence",--(_xlpm.x>_xlpm.y),IF(_xlpm.rawTwo="TimeB vence",--(_xlpm.y>_xlpm.x),IF(_xlpm.rawTwo="Empate",--(_xlpm.x=_xlpm.y),IF(_xlpm.rawTwo="TimeA DC",--(_xlpm.x>=_xlpm.y),IF(_xlpm.rawTwo="TimeB DC",--(_xlpm.y>=_xlpm.x),IF(ISNUMBER(SEARCH("TimeA AH",_xlpm.rawTwo)),--(_xlpm.x+_xlpm.handTwo>_xlpm.y),IF(ISNUMBER(SEARCH("TimeB AH",_xlpm.rawTwo)),--(_xlpm.y+_xlpm.handTwo>_xlpm.x),1))))))))))))),SUM(_xlpm.p*_xlpm.condOne*_xlpm.condTwo)*_xlpm.multOne*_xlpm.multTwo),0)} -> 1 | H12: =1/Tabela37[[#This Row],[Odd Mercado]] -> #DIV/0! | I12: =(Tabela37[[#This Row],[P.Plan]]*0.45)+(Tabela37[[#This Row],[P.Font]]*0.55) -> 0.45 | J12: =1/Tabela37[[#This Row],[P.Comb]] -> 2.2222222 | L12: =(Tabela37[[#This Row],[Odd Mercado]]/Tabela37[[#This Row],[Odd Gatilho]])-1 -> -1 | M12: =IF(AND(I12>60%,L12>=-15%,L12<=15%),"⭐Conferir",IF(L12>15%,"✅✅ Forte Valor",IF(L12>10%,"✅ Entra",IF(L12>=0%,"🟡 Borderline",IF(L12<-15%,"🔴 Evitar","❌ Sem valor"))))) -> 🔴 Evitar | O12: =IF(N13="","— digite a odd —",IF(N13>=1.1/(1.1/Tabela37[[#This Row],[Odd Gatilho]]),"✅ ENTRA (edge "&TEXT(N13*(1.1/Tabela37[[#This Row],[Odd Gatilho]])-1,"0%")&")",IF(N13>=1/(1.1/Tabela37[[#This Row],[Odd Gatilho]]),"🟡 break-even (edge "&TEXT(N13*(1.1/Tabela37[[#This Row],[Odd Gatilho]])-1,"0%")&")","❌ sem valor"))) -> — digite a odd — | P12: =IF(OR(N13="",N13<=1),"",IF(N13<1/0.483,0,ROUND(MIN(3,MAX(0.5,0.25*((N13*0.483-1)/(N13-1))*10)),1))) | Q12: =IF(AND(--Tabela37[[#This Row],[P.Plan]]>--Tabela37[[#This Row],[P.Font]],--Tabela37[[#This Row],[P.Font]]>=--Tabela37[[#This Row],[P.Mkt]],--Tabela37[[#This Row],[P.Mkt]]>=60%),"🎯 Edge Real", IF(AND(--Tabela37[[#This Row],[P.Font]]>=--Tabela37[[#This Row],[P.Mkt]],--Tabela37[[#This Row],[P.Mkt]]>=60%),"📡 Sinal Externo", IF(AND(--Tabela37[[#This Row],[P.Comb]]>=65%,--Tabela37[[#This Row],[Odd Mercado]]<=1.8),"✅ Alta Certeza", IF(AND(--Tabela37[[#This Row],[P.Comb]]>=55%,--Tabela37[[#This Row],[Edge]]>0.1),"📊 Referência","❌ Sem critério")))) -> #DIV/0! | R12: =SUBSTITUTE(TRIM(LEFT(A12,FIND(" x ",A12)-1)),"USA","USMNT") -> #VALUE! | S12: =SUBSTITUTE(TRIM(MID(A12,FIND(" x ",A12)+3,100)),"USA","USMNT") -> #VALUE! | T12: =IFERROR(AVERAGE(INDEX('Jogos do Dia'!$O$2:$O$5,MATCH(R12&"|"&S12,'Jogos do Dia'!$AJ$2:$AJ$5,0)),INDEX('Jogos do Dia'!$P$2:$P$5,MATCH(S12&"|"&R12,'Jogos do Dia'!$AJ$2:$AJ$5,0))),1.2) -> 1.2 | U12: =IFERROR(AVERAGE(INDEX('Jogos do Dia'!$O$2:$O$5,MATCH(S12&"|"&R12,'Jogos do Dia'!$AJ$2:$AJ$5,0)),INDEX('Jogos do Dia'!$P$2:$P$5,MATCH(R12&"|"&S12,'Jogos do Dia'!$AJ$2:$AJ$5,0))),1.2) -> 1.2
F13: {=IFERROR(_xlfn.LET(_xlpm.critOne,D13,_xlpm.critTwo,E13,_xlpm.la,MAX(0,T13),_xlpm.lb,MAX(0,U13),_xlpm.g,_xlfn.SEQUENCE(21,,0),_xlpm.x,_xlpm.g,_xlpm.y,TRANSPOSE(_xlpm.g),_xlpm.p,_xlfn.POISSON.DIST(_xlpm.x,_xlpm.la,FALSE)*_xlfn.POISSON.DIST(_xlpm.y,_xlpm.lb,FALSE),_xlpm.rawOne,TRIM(IFERROR(_xlfn.TEXTBEFORE(_xlpm.critOne,"|"),_xlpm.critOne)),_xlpm.rawTwo,TRIM(IFERROR(_xlfn.TEXTBEFORE(_xlpm.critTwo,"|"),_xlpm.critTwo)),_xlpm.multOne,IFERROR(_xlfn.NUMBERVALUE(TRIM(_xlfn.TEXTAFTER(_xlpm.critOne,"|")),".",","),1),_xlpm.multTwo,IFERROR(_xlfn.NUMBERVALUE(TRIM(_xlfn.TEXTAFTER(_xlpm.critTwo,"|")),".",","),1),_xlpm.lineOne,IFERROR(_xlfn.NUMBERVALUE(_xlfn.TEXTBEFORE(_xlfn.TEXTAFTER(_xlpm.rawOne," ")&" "," "),".",","),0),_xlpm.lineTwo,IFERROR(_xlfn.NUMBERVALUE(_xlfn.TEXTBEFORE(_xlfn.TEXTAFTER(_xlpm.rawTwo," ")&" "," "),".",","),0),_xlpm.handOne,IFERROR(_xlfn.NUMBERVALUE(_xlfn.TEXTAFTER(_xlpm.rawOne,"AH "),".",","),0),_xlpm.handTwo,IFERROR(_xlfn.NUMBERVALUE(_xlfn.TEXTAFTER(_xlpm.rawTwo,"AH "),".",","),0),_xlpm.lambdaFt,(_xlpm.la+_xlpm.lb)*0.42,_xlpm.condOne,IF(_xlpm.rawOne="",1,IF(_xlpm.rawOne="BTTS Sim",--((_xlpm.x>0)*(_xlpm.y>0)),IF(_xlpm.rawOne="BTTS Não",--(((_xlpm.x=0)+(_xlpm.y=0))>0),IF(ISNUMBER(SEARCH(" 1T",_xlpm.rawOne)),IF(LEFT(_xlpm.rawOne,4)="Over",1-_xlfn.POISSON.DIST(INT(_xlpm.lineOne),_xlpm.lambdaFt,TRUE),_xlfn.POISSON.DIST(INT(_xlpm.lineOne),_xlpm.lambdaFt,TRUE)),IF(LEFT(_xlpm.rawOne,4)="Over",--((_xlpm.x+_xlpm.y)>_xlpm.lineOne),IF(LEFT(_xlpm.rawOne,5)="Under",--((_xlpm.x+_xlpm.y)<_xlpm.lineOne),IF(_xlpm.rawOne="TimeA vence",--(_xlpm.x>_xlpm.y),IF(_xlpm.rawOne="TimeB vence",--(_xlpm.y>_xlpm.x),IF(_xlpm.rawOne="Empate",--(_xlpm.x=_xlpm.y),IF(_xlpm.rawOne="TimeA DC",--(_xlpm.x>=_xlpm.y),IF(_xlpm.rawOne="TimeB DC",--(_xlpm.y>=_xlpm.x),IF(ISNUMBER(SEARCH("TimeA AH",_xlpm.rawOne)),--(_xlpm.x+_xlpm.handOne>_xlpm.y),IF(ISNUMBER(SEARCH("TimeB AH",_xlpm.rawOne)),--(_xlpm.y+_xlpm.handOne>_xlpm.x),1))))))))))))),_xlpm.condTwo,IF(_xlpm.rawTwo="",1,IF(_xlpm.rawTwo="BTTS Sim",--((_xlpm.x>0)*(_xlpm.y>0)),IF(_xlpm.rawTwo="BTTS Não",--(((_xlpm.x=0)+(_xlpm.y=0))>0),IF(ISNUMBER(SEARCH(" 1T",_xlpm.rawTwo)),IF(LEFT(_xlpm.rawTwo,4)="Over",1-_xlfn.POISSON.DIST(INT(_xlpm.lineTwo),_xlpm.lambdaFt,TRUE),_xlfn.POISSON.DIST(INT(_xlpm.lineTwo),_xlpm.lambdaFt,TRUE)),IF(LEFT(_xlpm.rawTwo,4)="Over",--((_xlpm.x+_xlpm.y)>_xlpm.lineTwo),IF(LEFT(_xlpm.rawTwo,5)="Under",--((_xlpm.x+_xlpm.y)<_xlpm.lineTwo),IF(_xlpm.rawTwo="TimeA vence",--(_xlpm.x>_xlpm.y),IF(_xlpm.rawTwo="TimeB vence",--(_xlpm.y>_xlpm.x),IF(_xlpm.rawTwo="Empate",--(_xlpm.x=_xlpm.y),IF(_xlpm.rawTwo="TimeA DC",--(_xlpm.x>=_xlpm.y),IF(_xlpm.rawTwo="TimeB DC",--(_xlpm.y>=_xlpm.x),IF(ISNUMBER(SEARCH("TimeA AH",_xlpm.rawTwo)),--(_xlpm.x+_xlpm.handTwo>_xlpm.y),IF(ISNUMBER(SEARCH("TimeB AH",_xlpm.rawTwo)),--(_xlpm.y+_xlpm.handTwo>_xlpm.x),1))))))))))))),SUM(_xlpm.p*_xlpm.condOne*_xlpm.condTwo)*_xlpm.multOne*_xlpm.multTwo),0)} -> 1 | H13: =1/Tabela37[[#This Row],[Odd Mercado]] -> #DIV/0! | I13: =(Tabela37[[#This Row],[P.Plan]]*0.45)+(Tabela37[[#This Row],[P.Font]]*0.55) -> 0.45 | J13: =1/Tabela37[[#This Row],[P.Comb]] -> 2.2222222 | L13: =(Tabela37[[#This Row],[Odd Mercado]]/Tabela37[[#This Row],[Odd Gatilho]])-1 -> -1 | M13: =IF(AND(I13>60%,L13>=-15%,L13<=15%),"⭐Conferir",IF(L13>15%,"✅✅ Forte Valor",IF(L13>10%,"✅ Entra",IF(L13>=0%,"🟡 Borderline",IF(L13<-15%,"🔴 Evitar","❌ Sem valor"))))) -> 🔴 Evitar | O13: =IF(N14="","— digite a odd —",IF(N14>=1.1/(1.1/Tabela37[[#This Row],[Odd Gatilho]]),"✅ ENTRA (edge "&TEXT(N14*(1.1/Tabela37[[#This Row],[Odd Gatilho]])-1,"0%")&")",IF(N14>=1/(1.1/Tabela37[[#This Row],[Odd Gatilho]]),"🟡 break-even (edge "&TEXT(N14*(1.1/Tabela37[[#This Row],[Odd Gatilho]])-1,"0%")&")","❌ sem valor"))) -> — digite a odd — | P13: =IF(OR(N14="",N14<=1),"",IF(N14<1/0.483,0,ROUND(MIN(3,MAX(0.5,0.25*((N14*0.483-1)/(N14-1))*10)),1))) | Q13: =IF(AND(--Tabela37[[#This Row],[P.Plan]]>--Tabela37[[#This Row],[P.Font]],--Tabela37[[#This Row],[P.Font]]>=--Tabela37[[#This Row],[P.Mkt]],--Tabela37[[#This Row],[P.Mkt]]>=60%),"🎯 Edge Real", IF(AND(--Tabela37[[#This Row],[P.Font]]>=--Tabela37[[#This Row],[P.Mkt]],--Tabela37[[#This Row],[P.Mkt]]>=60%),"📡 Sinal Externo", IF(AND(--Tabela37[[#This Row],[P.Comb]]>=65%,--Tabela37[[#This Row],[Odd Mercado]]<=1.8),"✅ Alta Certeza", IF(AND(--Tabela37[[#This Row],[P.Comb]]>=55%,--Tabela37[[#This Row],[Edge]]>0.1),"📊 Referência","❌ Sem critério")))) -> #DIV/0! | R13: =SUBSTITUTE(TRIM(LEFT(A13,FIND(" x ",A13)-1)),"USA","USMNT") -> #VALUE! | S13: =SUBSTITUTE(TRIM(MID(A13,FIND(" x ",A13)+3,100)),"USA","USMNT") -> #VALUE! | T13: =IFERROR(AVERAGE(INDEX('Jogos do Dia'!$O$2:$O$5,MATCH(R13&"|"&S13,'Jogos do Dia'!$AJ$2:$AJ$5,0)),INDEX('Jogos do Dia'!$P$2:$P$5,MATCH(S13&"|"&R13,'Jogos do Dia'!$AJ$2:$AJ$5,0))),1.2) -> 1.2 | U13: =IFERROR(AVERAGE(INDEX('Jogos do Dia'!$O$2:$O$5,MATCH(S13&"|"&R13,'Jogos do Dia'!$AJ$2:$AJ$5,0)),INDEX('Jogos do Dia'!$P$2:$P$5,MATCH(R13&"|"&S13,'Jogos do Dia'!$AJ$2:$AJ$5,0))),1.2) -> 1.2
F14: {=IFERROR(_xlfn.LET(_xlpm.critOne,D14,_xlpm.critTwo,E14,_xlpm.la,MAX(0,T14),_xlpm.lb,MAX(0,U14),_xlpm.g,_xlfn.SEQUENCE(21,,0),_xlpm.x,_xlpm.g,_xlpm.y,TRANSPOSE(_xlpm.g),_xlpm.p,_xlfn.POISSON.DIST(_xlpm.x,_xlpm.la,FALSE)*_xlfn.POISSON.DIST(_xlpm.y,_xlpm.lb,FALSE),_xlpm.rawOne,TRIM(IFERROR(_xlfn.TEXTBEFORE(_xlpm.critOne,"|"),_xlpm.critOne)),_xlpm.rawTwo,TRIM(IFERROR(_xlfn.TEXTBEFORE(_xlpm.critTwo,"|"),_xlpm.critTwo)),_xlpm.multOne,IFERROR(_xlfn.NUMBERVALUE(TRIM(_xlfn.TEXTAFTER(_xlpm.critOne,"|")),".",","),1),_xlpm.multTwo,IFERROR(_xlfn.NUMBERVALUE(TRIM(_xlfn.TEXTAFTER(_xlpm.critTwo,"|")),".",","),1),_xlpm.lineOne,IFERROR(_xlfn.NUMBERVALUE(_xlfn.TEXTBEFORE(_xlfn.TEXTAFTER(_xlpm.rawOne," ")&" "," "),".",","),0),_xlpm.lineTwo,IFERROR(_xlfn.NUMBERVALUE(_xlfn.TEXTBEFORE(_xlfn.TEXTAFTER(_xlpm.rawTwo," ")&" "," "),".",","),0),_xlpm.handOne,IFERROR(_xlfn.NUMBERVALUE(_xlfn.TEXTAFTER(_xlpm.rawOne,"AH "),".",","),0),_xlpm.handTwo,IFERROR(_xlfn.NUMBERVALUE(_xlfn.TEXTAFTER(_xlpm.rawTwo,"AH "),".",","),0),_xlpm.lambdaFt,(_xlpm.la+_xlpm.lb)*0.42,_xlpm.condOne,IF(_xlpm.rawOne="",1,IF(_xlpm.rawOne="BTTS Sim",--((_xlpm.x>0)*(_xlpm.y>0)),IF(_xlpm.rawOne="BTTS Não",--(((_xlpm.x=0)+(_xlpm.y=0))>0),IF(ISNUMBER(SEARCH(" 1T",_xlpm.rawOne)),IF(LEFT(_xlpm.rawOne,4)="Over",1-_xlfn.POISSON.DIST(INT(_xlpm.lineOne),_xlpm.lambdaFt,TRUE),_xlfn.POISSON.DIST(INT(_xlpm.lineOne),_xlpm.lambdaFt,TRUE)),IF(LEFT(_xlpm.rawOne,4)="Over",--((_xlpm.x+_xlpm.y)>_xlpm.lineOne),IF(LEFT(_xlpm.rawOne,5)="Under",--((_xlpm.x+_xlpm.y)<_xlpm.lineOne),IF(_xlpm.rawOne="TimeA vence",--(_xlpm.x>_xlpm.y),IF(_xlpm.rawOne="TimeB vence",--(_xlpm.y>_xlpm.x),IF(_xlpm.rawOne="Empate",--(_xlpm.x=_xlpm.y),IF(_xlpm.rawOne="TimeA DC",--(_xlpm.x>=_xlpm.y),IF(_xlpm.rawOne="TimeB DC",--(_xlpm.y>=_xlpm.x),IF(ISNUMBER(SEARCH("TimeA AH",_xlpm.rawOne)),--(_xlpm.x+_xlpm.handOne>_xlpm.y),IF(ISNUMBER(SEARCH("TimeB AH",_xlpm.rawOne)),--(_xlpm.y+_xlpm.handOne>_xlpm.x),1))))))))))))),_xlpm.condTwo,IF(_xlpm.rawTwo="",1,IF(_xlpm.rawTwo="BTTS Sim",--((_xlpm.x>0)*(_xlpm.y>0)),IF(_xlpm.rawTwo="BTTS Não",--(((_xlpm.x=0)+(_xlpm.y=0))>0),IF(ISNUMBER(SEARCH(" 1T",_xlpm.rawTwo)),IF(LEFT(_xlpm.rawTwo,4)="Over",1-_xlfn.POISSON.DIST(INT(_xlpm.lineTwo),_xlpm.lambdaFt,TRUE),_xlfn.POISSON.DIST(INT(_xlpm.lineTwo),_xlpm.lambdaFt,TRUE)),IF(LEFT(_xlpm.rawTwo,4)="Over",--((_xlpm.x+_xlpm.y)>_xlpm.lineTwo),IF(LEFT(_xlpm.rawTwo,5)="Under",--((_xlpm.x+_xlpm.y)<_xlpm.lineTwo),IF(_xlpm.rawTwo="TimeA vence",--(_xlpm.x>_xlpm.y),IF(_xlpm.rawTwo="TimeB vence",--(_xlpm.y>_xlpm.x),IF(_xlpm.rawTwo="Empate",--(_xlpm.x=_xlpm.y),IF(_xlpm.rawTwo="TimeA DC",--(_xlpm.x>=_xlpm.y),IF(_xlpm.rawTwo="TimeB DC",--(_xlpm.y>=_xlpm.x),IF(ISNUMBER(SEARCH("TimeA AH",_xlpm.rawTwo)),--(_xlpm.x+_xlpm.handTwo>_xlpm.y),IF(ISNUMBER(SEARCH("TimeB AH",_xlpm.rawTwo)),--(_xlpm.y+_xlpm.handTwo>_xlpm.x),1))))))))))))),SUM(_xlpm.p*_xlpm.condOne*_xlpm.condTwo)*_xlpm.multOne*_xlpm.multTwo),0)} -> 1 | H14: =1/Tabela37[[#This Row],[Odd Mercado]] -> #DIV/0! | I14: =(Tabela37[[#This Row],[P.Plan]]*0.45)+(Tabela37[[#This Row],[P.Font]]*0.55) -> 0.45 | J14: =1/Tabela37[[#This Row],[P.Comb]] -> 2.2222222 | L14: =(Tabela37[[#This Row],[Odd Mercado]]/Tabela37[[#This Row],[Odd Gatilho]])-1 -> -1 | M14: =IF(AND(I14>60%,L14>=-15%,L14<=15%),"⭐Conferir",IF(L14>15%,"✅✅ Forte Valor",IF(L14>10%,"✅ Entra",IF(L14>=0%,"🟡 Borderline",IF(L14<-15%,"🔴 Evitar","❌ Sem valor"))))) -> 🔴 Evitar | O14: =IF(N15="","— digite a odd —",IF(N15>=1.1/(1.1/Tabela37[[#This Row],[Odd Gatilho]]),"✅ ENTRA (edge "&TEXT(N15*(1.1/Tabela37[[#This Row],[Odd Gatilho]])-1,"0%")&")",IF(N15>=1/(1.1/Tabela37[[#This Row],[Odd Gatilho]]),"🟡 break-even (edge "&TEXT(N15*(1.1/Tabela37[[#This Row],[Odd Gatilho]])-1,"0%")&")","❌ sem valor"))) -> — digite a odd — | P14: =IF(OR(N15="",N15<=1),"",IF(N15<1/0.483,0,ROUND(MIN(3,MAX(0.5,0.25*((N15*0.483-1)/(N15-1))*10)),1))) | Q14: =IF(AND(--Tabela37[[#This Row],[P.Plan]]>--Tabela37[[#This Row],[P.Font]],--Tabela37[[#This Row],[P.Font]]>=--Tabela37[[#This Row],[P.Mkt]],--Tabela37[[#This Row],[P.Mkt]]>=60%),"🎯 Edge Real", IF(AND(--Tabela37[[#This Row],[P.Font]]>=--Tabela37[[#This Row],[P.Mkt]],--Tabela37[[#This Row],[P.Mkt]]>=60%),"📡 Sinal Externo", IF(AND(--Tabela37[[#This Row],[P.Comb]]>=65%,--Tabela37[[#This Row],[Odd Mercado]]<=1.8),"✅ Alta Certeza", IF(AND(--Tabela37[[#This Row],[P.Comb]]>=55%,--Tabela37[[#This Row],[Edge]]>0.1),"📊 Referência","❌ Sem critério")))) -> #DIV/0! | R14: =SUBSTITUTE(TRIM(LEFT(A14,FIND(" x ",A14)-1)),"USA","USMNT") -> #VALUE! | S14: =SUBSTITUTE(TRIM(MID(A14,FIND(" x ",A14)+3,100)),"USA","USMNT") -> #VALUE! | T14: =IFERROR(AVERAGE(INDEX('Jogos do Dia'!$O$2:$O$5,MATCH(R14&"|"&S14,'Jogos do Dia'!$AJ$2:$AJ$5,0)),INDEX('Jogos do Dia'!$P$2:$P$5,MATCH(S14&"|"&R14,'Jogos do Dia'!$AJ$2:$AJ$5,0))),1.2) -> 1.2 | U14: =IFERROR(AVERAGE(INDEX('Jogos do Dia'!$O$2:$O$5,MATCH(S14&"|"&R14,'Jogos do Dia'!$AJ$2:$AJ$5,0)),INDEX('Jogos do Dia'!$P$2:$P$5,MATCH(R14&"|"&S14,'Jogos do Dia'!$AJ$2:$AJ$5,0))),1.2) -> 1.2
F15: {=IFERROR(_xlfn.LET(_xlpm.critOne,D15,_xlpm.critTwo,E15,_xlpm.la,MAX(0,T15),_xlpm.lb,MAX(0,U15),_xlpm.g,_xlfn.SEQUENCE(21,,0),_xlpm.x,_xlpm.g,_xlpm.y,TRANSPOSE(_xlpm.g),_xlpm.p,_xlfn.POISSON.DIST(_xlpm.x,_xlpm.la,FALSE)*_xlfn.POISSON.DIST(_xlpm.y,_xlpm.lb,FALSE),_xlpm.rawOne,TRIM(IFERROR(_xlfn.TEXTBEFORE(_xlpm.critOne,"|"),_xlpm.critOne)),_xlpm.rawTwo,TRIM(IFERROR(_xlfn.TEXTBEFORE(_xlpm.critTwo,"|"),_xlpm.critTwo)),_xlpm.multOne,IFERROR(_xlfn.NUMBERVALUE(TRIM(_xlfn.TEXTAFTER(_xlpm.critOne,"|")),".",","),1),_xlpm.multTwo,IFERROR(_xlfn.NUMBERVALUE(TRIM(_xlfn.TEXTAFTER(_xlpm.critTwo,"|")),".",","),1),_xlpm.lineOne,IFERROR(_xlfn.NUMBERVALUE(_xlfn.TEXTBEFORE(_xlfn.TEXTAFTER(_xlpm.rawOne," ")&" "," "),".",","),0),_xlpm.lineTwo,IFERROR(_xlfn.NUMBERVALUE(_xlfn.TEXTBEFORE(_xlfn.TEXTAFTER(_xlpm.rawTwo," ")&" "," "),".",","),0),_xlpm.handOne,IFERROR(_xlfn.NUMBERVALUE(_xlfn.TEXTAFTER(_xlpm.rawOne,"AH "),".",","),0),_xlpm.handTwo,IFERROR(_xlfn.NUMBERVALUE(_xlfn.TEXTAFTER(_xlpm.rawTwo,"AH "),".",","),0),_xlpm.lambdaFt,(_xlpm.la+_xlpm.lb)*0.42,_xlpm.condOne,IF(_xlpm.rawOne="",1,IF(_xlpm.rawOne="BTTS Sim",--((_xlpm.x>0)*(_xlpm.y>0)),IF(_xlpm.rawOne="BTTS Não",--(((_xlpm.x=0)+(_xlpm.y=0))>0),IF(ISNUMBER(SEARCH(" 1T",_xlpm.rawOne)),IF(LEFT(_xlpm.rawOne,4)="Over",1-_xlfn.POISSON.DIST(INT(_xlpm.lineOne),_xlpm.lambdaFt,TRUE),_xlfn.POISSON.DIST(INT(_xlpm.lineOne),_xlpm.lambdaFt,TRUE)),IF(LEFT(_xlpm.rawOne,4)="Over",--((_xlpm.x+_xlpm.y)>_xlpm.lineOne),IF(LEFT(_xlpm.rawOne,5)="Under",--((_xlpm.x+_xlpm.y)<_xlpm.lineOne),IF(_xlpm.rawOne="TimeA vence",--(_xlpm.x>_xlpm.y),IF(_xlpm.rawOne="TimeB vence",--(_xlpm.y>_xlpm.x),IF(_xlpm.rawOne="Empate",--(_xlpm.x=_xlpm.y),IF(_xlpm.rawOne="TimeA DC",--(_xlpm.x>=_xlpm.y),IF(_xlpm.rawOne="TimeB DC",--(_xlpm.y>=_xlpm.x),IF(ISNUMBER(SEARCH("TimeA AH",_xlpm.rawOne)),--(_xlpm.x+_xlpm.handOne>_xlpm.y),IF(ISNUMBER(SEARCH("TimeB AH",_xlpm.rawOne)),--(_xlpm.y+_xlpm.handOne>_xlpm.x),1))))))))))))),_xlpm.condTwo,IF(_xlpm.rawTwo="",1,IF(_xlpm.rawTwo="BTTS Sim",--((_xlpm.x>0)*(_xlpm.y>0)),IF(_xlpm.rawTwo="BTTS Não",--(((_xlpm.x=0)+(_xlpm.y=0))>0),IF(ISNUMBER(SEARCH(" 1T",_xlpm.rawTwo)),IF(LEFT(_xlpm.rawTwo,4)="Over",1-_xlfn.POISSON.DIST(INT(_xlpm.lineTwo),_xlpm.lambdaFt,TRUE),_xlfn.POISSON.DIST(INT(_xlpm.lineTwo),_xlpm.lambdaFt,TRUE)),IF(LEFT(_xlpm.rawTwo,4)="Over",--((_xlpm.x+_xlpm.y)>_xlpm.lineTwo),IF(LEFT(_xlpm.rawTwo,5)="Under",--((_xlpm.x+_xlpm.y)<_xlpm.lineTwo),IF(_xlpm.rawTwo="TimeA vence",--(_xlpm.x>_xlpm.y),IF(_xlpm.rawTwo="TimeB vence",--(_xlpm.y>_xlpm.x),IF(_xlpm.rawTwo="Empate",--(_xlpm.x=_xlpm.y),IF(_xlpm.rawTwo="TimeA DC",--(_xlpm.x>=_xlpm.y),IF(_xlpm.rawTwo="TimeB DC",--(_xlpm.y>=_xlpm.x),IF(ISNUMBER(SEARCH("TimeA AH",_xlpm.rawTwo)),--(_xlpm.x+_xlpm.handTwo>_xlpm.y),IF(ISNUMBER(SEARCH("TimeB AH",_xlpm.rawTwo)),--(_xlpm.y+_xlpm.handTwo>_xlpm.x),1))))))))))))),SUM(_xlpm.p*_xlpm.condOne*_xlpm.condTwo)*_xlpm.multOne*_xlpm.multTwo),0)} -> 1 | H15: =1/Tabela37[[#This Row],[Odd Mercado]] -> #DIV/0! | I15: =(Tabela37[[#This Row],[P.Plan]]*0.45)+(Tabela37[[#This Row],[P.Font]]*0.55) -> 0.45 | J15: =1/Tabela37[[#This Row],[P.Comb]] -> 2.2222222 | L15: =(Tabela37[[#This Row],[Odd Mercado]]/Tabela37[[#This Row],[Odd Gatilho]])-1 -> -1 | M15: =IF(AND(I15>60%,L15>=-15%,L15<=15%),"⭐Conferir",IF(L15>15%,"✅✅ Forte Valor",IF(L15>10%,"✅ Entra",IF(L15>=0%,"🟡 Borderline",IF(L15<-15%,"🔴 Evitar","❌ Sem valor"))))) -> 🔴 Evitar | O15: =IF(N16="","— digite a odd —",IF(N16>=1.1/(1.1/Tabela37[[#This Row],[Odd Gatilho]]),"✅ ENTRA (edge "&TEXT(N16*(1.1/Tabela37[[#This Row],[Odd Gatilho]])-1,"0%")&")",IF(N16>=1/(1.1/Tabela37[[#This Row],[Odd Gatilho]]),"🟡 break-even (edge "&TEXT(N16*(1.1/Tabela37[[#This Row],[Odd Gatilho]])-1,"0%")&")","❌ sem valor"))) -> — digite a odd — | P15: =IF(OR(N16="",N16<=1),"",IF(N16<1/0.483,0,ROUND(MIN(3,MAX(0.5,0.25*((N16*0.483-1)/(N16-1))*10)),1))) | Q15: =IF(AND(--Tabela37[[#This Row],[P.Plan]]>--Tabela37[[#This Row],[P.Font]],--Tabela37[[#This Row],[P.Font]]>=--Tabela37[[#This Row],[P.Mkt]],--Tabela37[[#This Row],[P.Mkt]]>=60%),"🎯 Edge Real", IF(AND(--Tabela37[[#This Row],[P.Font]]>=--Tabela37[[#This Row],[P.Mkt]],--Tabela37[[#This Row],[P.Mkt]]>=60%),"📡 Sinal Externo", IF(AND(--Tabela37[[#This Row],[P.Comb]]>=65%,--Tabela37[[#This Row],[Odd Mercado]]<=1.8),"✅ Alta Certeza", IF(AND(--Tabela37[[#This Row],[P.Comb]]>=55%,--Tabela37[[#This Row],[Edge]]>0.1),"📊 Referência","❌ Sem critério")))) -> #DIV/0! | R15: =SUBSTITUTE(TRIM(LEFT(A15,FIND(" x ",A15)-1)),"USA","USMNT") -> #VALUE! | S15: =SUBSTITUTE(TRIM(MID(A15,FIND(" x ",A15)+3,100)),"USA","USMNT") -> #VALUE! | T15: =IFERROR(AVERAGE(INDEX('Jogos do Dia'!$O$2:$O$5,MATCH(R15&"|"&S15,'Jogos do Dia'!$AJ$2:$AJ$5,0)),INDEX('Jogos do Dia'!$P$2:$P$5,MATCH(S15&"|"&R15,'Jogos do Dia'!$AJ$2:$AJ$5,0))),1.2) -> 1.2 | U15: =IFERROR(AVERAGE(INDEX('Jogos do Dia'!$O$2:$O$5,MATCH(S15&"|"&R15,'Jogos do Dia'!$AJ$2:$AJ$5,0)),INDEX('Jogos do Dia'!$P$2:$P$5,MATCH(R15&"|"&S15,'Jogos do Dia'!$AJ$2:$AJ$5,0))),1.2) -> 1.2
F16: {=IFERROR(_xlfn.LET(_xlpm.critOne,D16,_xlpm.critTwo,E16,_xlpm.la,MAX(0,T16),_xlpm.lb,MAX(0,U16),_xlpm.g,_xlfn.SEQUENCE(21,,0),_xlpm.x,_xlpm.g,_xlpm.y,TRANSPOSE(_xlpm.g),_xlpm.p,_xlfn.POISSON.DIST(_xlpm.x,_xlpm.la,FALSE)*_xlfn.POISSON.DIST(_xlpm.y,_xlpm.lb,FALSE),_xlpm.rawOne,TRIM(IFERROR(_xlfn.TEXTBEFORE(_xlpm.critOne,"|"),_xlpm.critOne)),_xlpm.rawTwo,TRIM(IFERROR(_xlfn.TEXTBEFORE(_xlpm.critTwo,"|"),_xlpm.critTwo)),_xlpm.multOne,IFERROR(_xlfn.NUMBERVALUE(TRIM(_xlfn.TEXTAFTER(_xlpm.critOne,"|")),".",","),1),_xlpm.multTwo,IFERROR(_xlfn.NUMBERVALUE(TRIM(_xlfn.TEXTAFTER(_xlpm.critTwo,"|")),".",","),1),_xlpm.lineOne,IFERROR(_xlfn.NUMBERVALUE(_xlfn.TEXTBEFORE(_xlfn.TEXTAFTER(_xlpm.rawOne," ")&" "," "),".",","),0),_xlpm.lineTwo,IFERROR(_xlfn.NUMBERVALUE(_xlfn.TEXTBEFORE(_xlfn.TEXTAFTER(_xlpm.rawTwo," ")&" "," "),".",","),0),_xlpm.handOne,IFERROR(_xlfn.NUMBERVALUE(_xlfn.TEXTAFTER(_xlpm.rawOne,"AH "),".",","),0),_xlpm.handTwo,IFERROR(_xlfn.NUMBERVALUE(_xlfn.TEXTAFTER(_xlpm.rawTwo,"AH "),".",","),0),_xlpm.lambdaFt,(_xlpm.la+_xlpm.lb)*0.42,_xlpm.condOne,IF(_xlpm.rawOne="",1,IF(_xlpm.rawOne="BTTS Sim",--((_xlpm.x>0)*(_xlpm.y>0)),IF(_xlpm.rawOne="BTTS Não",--(((_xlpm.x=0)+(_xlpm.y=0))>0),IF(ISNUMBER(SEARCH(" 1T",_xlpm.rawOne)),IF(LEFT(_xlpm.rawOne,4)="Over",1-_xlfn.POISSON.DIST(INT(_xlpm.lineOne),_xlpm.lambdaFt,TRUE),_xlfn.POISSON.DIST(INT(_xlpm.lineOne),_xlpm.lambdaFt,TRUE)),IF(LEFT(_xlpm.rawOne,4)="Over",--((_xlpm.x+_xlpm.y)>_xlpm.lineOne),IF(LEFT(_xlpm.rawOne,5)="Under",--((_xlpm.x+_xlpm.y)<_xlpm.lineOne),IF(_xlpm.rawOne="TimeA vence",--(_xlpm.x>_xlpm.y),IF(_xlpm.rawOne="TimeB vence",--(_xlpm.y>_xlpm.x),IF(_xlpm.rawOne="Empate",--(_xlpm.x=_xlpm.y),IF(_xlpm.rawOne="TimeA DC",--(_xlpm.x>=_xlpm.y),IF(_xlpm.rawOne="TimeB DC",--(_xlpm.y>=_xlpm.x),IF(ISNUMBER(SEARCH("TimeA AH",_xlpm.rawOne)),--(_xlpm.x+_xlpm.handOne>_xlpm.y),IF(ISNUMBER(SEARCH("TimeB AH",_xlpm.rawOne)),--(_xlpm.y+_xlpm.handOne>_xlpm.x),1))))))))))))),_xlpm.condTwo,IF(_xlpm.rawTwo="",1,IF(_xlpm.rawTwo="BTTS Sim",--((_xlpm.x>0)*(_xlpm.y>0)),IF(_xlpm.rawTwo="BTTS Não",--(((_xlpm.x=0)+(_xlpm.y=0))>0),IF(ISNUMBER(SEARCH(" 1T",_xlpm.rawTwo)),IF(LEFT(_xlpm.rawTwo,4)="Over",1-_xlfn.POISSON.DIST(INT(_xlpm.lineTwo),_xlpm.lambdaFt,TRUE),_xlfn.POISSON.DIST(INT(_xlpm.lineTwo),_xlpm.lambdaFt,TRUE)),IF(LEFT(_xlpm.rawTwo,4)="Over",--((_xlpm.x+_xlpm.y)>_xlpm.lineTwo),IF(LEFT(_xlpm.rawTwo,5)="Under",--((_xlpm.x+_xlpm.y)<_xlpm.lineTwo),IF(_xlpm.rawTwo="TimeA vence",--(_xlpm.x>_xlpm.y),IF(_xlpm.rawTwo="TimeB vence",--(_xlpm.y>_xlpm.x),IF(_xlpm.rawTwo="Empate",--(_xlpm.x=_xlpm.y),IF(_xlpm.rawTwo="TimeA DC",--(_xlpm.x>=_xlpm.y),IF(_xlpm.rawTwo="TimeB DC",--(_xlpm.y>=_xlpm.x),IF(ISNUMBER(SEARCH("TimeA AH",_xlpm.rawTwo)),--(_xlpm.x+_xlpm.handTwo>_xlpm.y),IF(ISNUMBER(SEARCH("TimeB AH",_xlpm.rawTwo)),--(_xlpm.y+_xlpm.handTwo>_xlpm.x),1))))))))))))),SUM(_xlpm.p*_xlpm.condOne*_xlpm.condTwo)*_xlpm.multOne*_xlpm.multTwo),0)} -> 1 | H16: =1/Tabela37[[#This Row],[Odd Mercado]] -> #DIV/0! | I16: =(Tabela37[[#This Row],[P.Plan]]*0.45)+(Tabela37[[#This Row],[P.Font]]*0.55) -> 0.45 | J16: =1/Tabela37[[#This Row],[P.Comb]] -> 2.2222222 | L16: =(Tabela37[[#This Row],[Odd Mercado]]/Tabela37[[#This Row],[Odd Gatilho]])-1 -> -1 | M16: =IF(AND(I16>60%,L16>=-15%,L16<=15%),"⭐Conferir",IF(L16>15%,"✅✅ Forte Valor",IF(L16>10%,"✅ Entra",IF(L16>=0%,"🟡 Borderline",IF(L16<-15%,"🔴 Evitar","❌ Sem valor"))))) -> 🔴 Evitar | O16: =IF(N17="","— digite a odd —",IF(N17>=1.1/(1.1/Tabela37[[#This Row],[Odd Gatilho]]),"✅ ENTRA (edge "&TEXT(N17*(1.1/Tabela37[[#This Row],[Odd Gatilho]])-1,"0%")&")",IF(N17>=1/(1.1/Tabela37[[#This Row],[Odd Gatilho]]),"🟡 break-even (edge "&TEXT(N17*(1.1/Tabela37[[#This Row],[Odd Gatilho]])-1,"0%")&")","❌ sem valor"))) -> — digite a odd — | P16: =IF(OR(N17="",N17<=1),"",IF(N17<1/0.483,0,ROUND(MIN(3,MAX(0.5,0.25*((N17*0.483-1)/(N17-1))*10)),1))) | Q16: =IF(AND(--Tabela37[[#This Row],[P.Plan]]>--Tabela37[[#This Row],[P.Font]],--Tabela37[[#This Row],[P.Font]]>=--Tabela37[[#This Row],[P.Mkt]],--Tabela37[[#This Row],[P.Mkt]]>=60%),"🎯 Edge Real", IF(AND(--Tabela37[[#This Row],[P.Font]]>=--Tabela37[[#This Row],[P.Mkt]],--Tabela37[[#This Row],[P.Mkt]]>=60%),"📡 Sinal Externo", IF(AND(--Tabela37[[#This Row],[P.Comb]]>=65%,--Tabela37[[#This Row],[Odd Mercado]]<=1.8),"✅ Alta Certeza", IF(AND(--Tabela37[[#This Row],[P.Comb]]>=55%,--Tabela37[[#This Row],[Edge]]>0.1),"📊 Referência","❌ Sem critério")))) -> #DIV/0! | R16: =SUBSTITUTE(TRIM(LEFT(A16,FIND(" x ",A16)-1)),"USA","USMNT") -> #VALUE! | S16: =SUBSTITUTE(TRIM(MID(A16,FIND(" x ",A16)+3,100)),"USA","USMNT") -> #VALUE! | T16: =IFERROR(AVERAGE(INDEX('Jogos do Dia'!$O$2:$O$5,MATCH(R16&"|"&S16,'Jogos do Dia'!$AJ$2:$AJ$5,0)),INDEX('Jogos do Dia'!$P$2:$P$5,MATCH(S16&"|"&R16,'Jogos do Dia'!$AJ$2:$AJ$5,0))),1.2) -> 1.2 | U16: =IFERROR(AVERAGE(INDEX('Jogos do Dia'!$O$2:$O$5,MATCH(S16&"|"&R16,'Jogos do Dia'!$AJ$2:$AJ$5,0)),INDEX('Jogos do Dia'!$P$2:$P$5,MATCH(R16&"|"&S16,'Jogos do Dia'!$AJ$2:$AJ$5,0))),1.2) -> 1.2
F17: {=IFERROR(_xlfn.LET(_xlpm.critOne,D17,_xlpm.critTwo,E17,_xlpm.la,MAX(0,T17),_xlpm.lb,MAX(0,U17),_xlpm.g,_xlfn.SEQUENCE(21,,0),_xlpm.x,_xlpm.g,_xlpm.y,TRANSPOSE(_xlpm.g),_xlpm.p,_xlfn.POISSON.DIST(_xlpm.x,_xlpm.la,FALSE)*_xlfn.POISSON.DIST(_xlpm.y,_xlpm.lb,FALSE),_xlpm.rawOne,TRIM(IFERROR(_xlfn.TEXTBEFORE(_xlpm.critOne,"|"),_xlpm.critOne)),_xlpm.rawTwo,TRIM(IFERROR(_xlfn.TEXTBEFORE(_xlpm.critTwo,"|"),_xlpm.critTwo)),_xlpm.multOne,IFERROR(_xlfn.NUMBERVALUE(TRIM(_xlfn.TEXTAFTER(_xlpm.critOne,"|")),".",","),1),_xlpm.multTwo,IFERROR(_xlfn.NUMBERVALUE(TRIM(_xlfn.TEXTAFTER(_xlpm.critTwo,"|")),".",","),1),_xlpm.lineOne,IFERROR(_xlfn.NUMBERVALUE(_xlfn.TEXTBEFORE(_xlfn.TEXTAFTER(_xlpm.rawOne," ")&" "," "),".",","),0),_xlpm.lineTwo,IFERROR(_xlfn.NUMBERVALUE(_xlfn.TEXTBEFORE(_xlfn.TEXTAFTER(_xlpm.rawTwo," ")&" "," "),".",","),0),_xlpm.handOne,IFERROR(_xlfn.NUMBERVALUE(_xlfn.TEXTAFTER(_xlpm.rawOne,"AH "),".",","),0),_xlpm.handTwo,IFERROR(_xlfn.NUMBERVALUE(_xlfn.TEXTAFTER(_xlpm.rawTwo,"AH "),".",","),0),_xlpm.lambdaFt,(_xlpm.la+_xlpm.lb)*0.42,_xlpm.condOne,IF(_xlpm.rawOne="",1,IF(_xlpm.rawOne="BTTS Sim",--((_xlpm.x>0)*(_xlpm.y>0)),IF(_xlpm.rawOne="BTTS Não",--(((_xlpm.x=0)+(_xlpm.y=0))>0),IF(ISNUMBER(SEARCH(" 1T",_xlpm.rawOne)),IF(LEFT(_xlpm.rawOne,4)="Over",1-_xlfn.POISSON.DIST(INT(_xlpm.lineOne),_xlpm.lambdaFt,TRUE),_xlfn.POISSON.DIST(INT(_xlpm.lineOne),_xlpm.lambdaFt,TRUE)),IF(LEFT(_xlpm.rawOne,4)="Over",--((_xlpm.x+_xlpm.y)>_xlpm.lineOne),IF(LEFT(_xlpm.rawOne,5)="Under",--((_xlpm.x+_xlpm.y)<_xlpm.lineOne),IF(_xlpm.rawOne="TimeA vence",--(_xlpm.x>_xlpm.y),IF(_xlpm.rawOne="TimeB vence",--(_xlpm.y>_xlpm.x),IF(_xlpm.rawOne="Empate",--(_xlpm.x=_xlpm.y),IF(_xlpm.rawOne="TimeA DC",--(_xlpm.x>=_xlpm.y),IF(_xlpm.rawOne="TimeB DC",--(_xlpm.y>=_xlpm.x),IF(ISNUMBER(SEARCH("TimeA AH",_xlpm.rawOne)),--(_xlpm.x+_xlpm.handOne>_xlpm.y),IF(ISNUMBER(SEARCH("TimeB AH",_xlpm.rawOne)),--(_xlpm.y+_xlpm.handOne>_xlpm.x),1))))))))))))),_xlpm.condTwo,IF(_xlpm.rawTwo="",1,IF(_xlpm.rawTwo="BTTS Sim",--((_xlpm.x>0)*(_xlpm.y>0)),IF(_xlpm.rawTwo="BTTS Não",--(((_xlpm.x=0)+(_xlpm.y=0))>0),IF(ISNUMBER(SEARCH(" 1T",_xlpm.rawTwo)),IF(LEFT(_xlpm.rawTwo,4)="Over",1-_xlfn.POISSON.DIST(INT(_xlpm.lineTwo),_xlpm.lambdaFt,TRUE),_xlfn.POISSON.DIST(INT(_xlpm.lineTwo),_xlpm.lambdaFt,TRUE)),IF(LEFT(_xlpm.rawTwo,4)="Over",--((_xlpm.x+_xlpm.y)>_xlpm.lineTwo),IF(LEFT(_xlpm.rawTwo,5)="Under",--((_xlpm.x+_xlpm.y)<_xlpm.lineTwo),IF(_xlpm.rawTwo="TimeA vence",--(_xlpm.x>_xlpm.y),IF(_xlpm.rawTwo="TimeB vence",--(_xlpm.y>_xlpm.x),IF(_xlpm.rawTwo="Empate",--(_xlpm.x=_xlpm.y),IF(_xlpm.rawTwo="TimeA DC",--(_xlpm.x>=_xlpm.y),IF(_xlpm.rawTwo="TimeB DC",--(_xlpm.y>=_xlpm.x),IF(ISNUMBER(SEARCH("TimeA AH",_xlpm.rawTwo)),--(_xlpm.x+_xlpm.handTwo>_xlpm.y),IF(ISNUMBER(SEARCH("TimeB AH",_xlpm.rawTwo)),--(_xlpm.y+_xlpm.handTwo>_xlpm.x),1))))))))))))),SUM(_xlpm.p*_xlpm.condOne*_xlpm.condTwo)*_xlpm.multOne*_xlpm.multTwo),0)} -> 1 | H17: =1/Tabela37[[#This Row],[Odd Mercado]] -> #DIV/0! | I17: =(Tabela37[[#This Row],[P.Plan]]*0.45)+(Tabela37[[#This Row],[P.Font]]*0.55) -> 0.45 | J17: =1/Tabela37[[#This Row],[P.Comb]] -> 2.2222222 | L17: =(Tabela37[[#This Row],[Odd Mercado]]/Tabela37[[#This Row],[Odd Gatilho]])-1 -> -1 | M17: =IF(AND(I17>60%,L17>=-15%,L17<=15%),"⭐Conferir",IF(L17>15%,"✅✅ Forte Valor",IF(L17>10%,"✅ Entra",IF(L17>=0%,"🟡 Borderline",IF(L17<-15%,"🔴 Evitar","❌ Sem valor"))))) -> 🔴 Evitar | O17: =IF(N18="","— digite a odd —",IF(N18>=1.1/(1.1/Tabela37[[#This Row],[Odd Gatilho]]),"✅ ENTRA (edge "&TEXT(N18*(1.1/Tabela37[[#This Row],[Odd Gatilho]])-1,"0%")&")",IF(N18>=1/(1.1/Tabela37[[#This Row],[Odd Gatilho]]),"🟡 break-even (edge "&TEXT(N18*(1.1/Tabela37[[#This Row],[Odd Gatilho]])-1,"0%")&")","❌ sem valor"))) -> — digite a odd — | P17: =IF(OR(N18="",N18<=1),"",IF(N18<1/0.483,0,ROUND(MIN(3,MAX(0.5,0.25*((N18*0.483-1)/(N18-1))*10)),1))) | Q17: =IF(AND(--Tabela37[[#This Row],[P.Plan]]>--Tabela37[[#This Row],[P.Font]],--Tabela37[[#This Row],[P.Font]]>=--Tabela37[[#This Row],[P.Mkt]],--Tabela37[[#This Row],[P.Mkt]]>=60%),"🎯 Edge Real", IF(AND(--Tabela37[[#This Row],[P.Font]]>=--Tabela37[[#This Row],[P.Mkt]],--Tabela37[[#This Row],[P.Mkt]]>=60%),"📡 Sinal Externo", IF(AND(--Tabela37[[#This Row],[P.Comb]]>=65%,--Tabela37[[#This Row],[Odd Mercado]]<=1.8),"✅ Alta Certeza", IF(AND(--Tabela37[[#This Row],[P.Comb]]>=55%,--Tabela37[[#This Row],[Edge]]>0.1),"📊 Referência","❌ Sem critério")))) -> #DIV/0! | R17: =SUBSTITUTE(TRIM(LEFT(A17,FIND(" x ",A17)-1)),"USA","USMNT") -> #VALUE! | S17: =SUBSTITUTE(TRIM(MID(A17,FIND(" x ",A17)+3,100)),"USA","USMNT") -> #VALUE! | T17: =IFERROR(AVERAGE(INDEX('Jogos do Dia'!$O$2:$O$5,MATCH(R17&"|"&S17,'Jogos do Dia'!$AJ$2:$AJ$5,0)),INDEX('Jogos do Dia'!$P$2:$P$5,MATCH(S17&"|"&R17,'Jogos do Dia'!$AJ$2:$AJ$5,0))),1.2) -> 1.2 | U17: =IFERROR(AVERAGE(INDEX('Jogos do Dia'!$O$2:$O$5,MATCH(S17&"|"&R17,'Jogos do Dia'!$AJ$2:$AJ$5,0)),INDEX('Jogos do Dia'!$P$2:$P$5,MATCH(R17&"|"&S17,'Jogos do Dia'!$AJ$2:$AJ$5,0))),1.2) -> 1.2
F18: {=IFERROR(_xlfn.LET(_xlpm.critOne,D18,_xlpm.critTwo,E18,_xlpm.la,MAX(0,T18),_xlpm.lb,MAX(0,U18),_xlpm.g,_xlfn.SEQUENCE(21,,0),_xlpm.x,_xlpm.g,_xlpm.y,TRANSPOSE(_xlpm.g),_xlpm.p,_xlfn.POISSON.DIST(_xlpm.x,_xlpm.la,FALSE)*_xlfn.POISSON.DIST(_xlpm.y,_xlpm.lb,FALSE),_xlpm.rawOne,TRIM(IFERROR(_xlfn.TEXTBEFORE(_xlpm.critOne,"|"),_xlpm.critOne)),_xlpm.rawTwo,TRIM(IFERROR(_xlfn.TEXTBEFORE(_xlpm.critTwo,"|"),_xlpm.critTwo)),_xlpm.multOne,IFERROR(_xlfn.NUMBERVALUE(TRIM(_xlfn.TEXTAFTER(_xlpm.critOne,"|")),".",","),1),_xlpm.multTwo,IFERROR(_xlfn.NUMBERVALUE(TRIM(_xlfn.TEXTAFTER(_xlpm.critTwo,"|")),".",","),1),_xlpm.lineOne,IFERROR(_xlfn.NUMBERVALUE(_xlfn.TEXTBEFORE(_xlfn.TEXTAFTER(_xlpm.rawOne," ")&" "," "),".",","),0),_xlpm.lineTwo,IFERROR(_xlfn.NUMBERVALUE(_xlfn.TEXTBEFORE(_xlfn.TEXTAFTER(_xlpm.rawTwo," ")&" "," "),".",","),0),_xlpm.handOne,IFERROR(_xlfn.NUMBERVALUE(_xlfn.TEXTAFTER(_xlpm.rawOne,"AH "),".",","),0),_xlpm.handTwo,IFERROR(_xlfn.NUMBERVALUE(_xlfn.TEXTAFTER(_xlpm.rawTwo,"AH "),".",","),0),_xlpm.lambdaFt,(_xlpm.la+_xlpm.lb)*0.42,_xlpm.condOne,IF(_xlpm.rawOne="",1,IF(_xlpm.rawOne="BTTS Sim",--((_xlpm.x>0)*(_xlpm.y>0)),IF(_xlpm.rawOne="BTTS Não",--(((_xlpm.x=0)+(_xlpm.y=0))>0),IF(ISNUMBER(SEARCH(" 1T",_xlpm.rawOne)),IF(LEFT(_xlpm.rawOne,4)="Over",1-_xlfn.POISSON.DIST(INT(_xlpm.lineOne),_xlpm.lambdaFt,TRUE),_xlfn.POISSON.DIST(INT(_xlpm.lineOne),_xlpm.lambdaFt,TRUE)),IF(LEFT(_xlpm.rawOne,4)="Over",--((_xlpm.x+_xlpm.y)>_xlpm.lineOne),IF(LEFT(_xlpm.rawOne,5)="Under",--((_xlpm.x+_xlpm.y)<_xlpm.lineOne),IF(_xlpm.rawOne="TimeA vence",--(_xlpm.x>_xlpm.y),IF(_xlpm.rawOne="TimeB vence",--(_xlpm.y>_xlpm.x),IF(_xlpm.rawOne="Empate",--(_xlpm.x=_xlpm.y),IF(_xlpm.rawOne="TimeA DC",--(_xlpm.x>=_xlpm.y),IF(_xlpm.rawOne="TimeB DC",--(_xlpm.y>=_xlpm.x),IF(ISNUMBER(SEARCH("TimeA AH",_xlpm.rawOne)),--(_xlpm.x+_xlpm.handOne>_xlpm.y),IF(ISNUMBER(SEARCH("TimeB AH",_xlpm.rawOne)),--(_xlpm.y+_xlpm.handOne>_xlpm.x),1))))))))))))),_xlpm.condTwo,IF(_xlpm.rawTwo="",1,IF(_xlpm.rawTwo="BTTS Sim",--((_xlpm.x>0)*(_xlpm.y>0)),IF(_xlpm.rawTwo="BTTS Não",--(((_xlpm.x=0)+(_xlpm.y=0))>0),IF(ISNUMBER(SEARCH(" 1T",_xlpm.rawTwo)),IF(LEFT(_xlpm.rawTwo,4)="Over",1-_xlfn.POISSON.DIST(INT(_xlpm.lineTwo),_xlpm.lambdaFt,TRUE),_xlfn.POISSON.DIST(INT(_xlpm.lineTwo),_xlpm.lambdaFt,TRUE)),IF(LEFT(_xlpm.rawTwo,4)="Over",--((_xlpm.x+_xlpm.y)>_xlpm.lineTwo),IF(LEFT(_xlpm.rawTwo,5)="Under",--((_xlpm.x+_xlpm.y)<_xlpm.lineTwo),IF(_xlpm.rawTwo="TimeA vence",--(_xlpm.x>_xlpm.y),IF(_xlpm.rawTwo="TimeB vence",--(_xlpm.y>_xlpm.x),IF(_xlpm.rawTwo="Empate",--(_xlpm.x=_xlpm.y),IF(_xlpm.rawTwo="TimeA DC",--(_xlpm.x>=_xlpm.y),IF(_xlpm.rawTwo="TimeB DC",--(_xlpm.y>=_xlpm.x),IF(ISNUMBER(SEARCH("TimeA AH",_xlpm.rawTwo)),--(_xlpm.x+_xlpm.handTwo>_xlpm.y),IF(ISNUMBER(SEARCH("TimeB AH",_xlpm.rawTwo)),--(_xlpm.y+_xlpm.handTwo>_xlpm.x),1))))))))))))),SUM(_xlpm.p*_xlpm.condOne*_xlpm.condTwo)*_xlpm.multOne*_xlpm.multTwo),0)} -> 1 | H18: =1/Tabela37[[#This Row],[Odd Mercado]] -> #DIV/0! | I18: =(Tabela37[[#This Row],[P.Plan]]*0.45)+(Tabela37[[#This Row],[P.Font]]*0.55) -> 0.45 | J18: =1/Tabela37[[#This Row],[P.Comb]] -> 2.2222222 | L18: =(Tabela37[[#This Row],[Odd Mercado]]/Tabela37[[#This Row],[Odd Gatilho]])-1 -> -1 | M18: =IF(AND(I18>60%,L18>=-15%,L18<=15%),"⭐Conferir",IF(L18>15%,"✅✅ Forte Valor",IF(L18>10%,"✅ Entra",IF(L18>=0%,"🟡 Borderline",IF(L18<-15%,"🔴 Evitar","❌ Sem valor"))))) -> 🔴 Evitar | O18: =IF(N19="","— digite a odd —",IF(N19>=1.1/(1.1/Tabela37[[#This Row],[Odd Gatilho]]),"✅ ENTRA (edge "&TEXT(N19*(1.1/Tabela37[[#This Row],[Odd Gatilho]])-1,"0%")&")",IF(N19>=1/(1.1/Tabela37[[#This Row],[Odd Gatilho]]),"🟡 break-even (edge "&TEXT(N19*(1.1/Tabela37[[#This Row],[Odd Gatilho]])-1,"0%")&")","❌ sem valor"))) -> — digite a odd — | P18: =IF(OR(N19="",N19<=1),"",IF(N19<1/0.483,0,ROUND(MIN(3,MAX(0.5,0.25*((N19*0.483-1)/(N19-1))*10)),1))) | Q18: =IF(AND(--Tabela37[[#This Row],[P.Plan]]>--Tabela37[[#This Row],[P.Font]],--Tabela37[[#This Row],[P.Font]]>=--Tabela37[[#This Row],[P.Mkt]],--Tabela37[[#This Row],[P.Mkt]]>=60%),"🎯 Edge Real", IF(AND(--Tabela37[[#This Row],[P.Font]]>=--Tabela37[[#This Row],[P.Mkt]],--Tabela37[[#This Row],[P.Mkt]]>=60%),"📡 Sinal Externo", IF(AND(--Tabela37[[#This Row],[P.Comb]]>=65%,--Tabela37[[#This Row],[Odd Mercado]]<=1.8),"✅ Alta Certeza", IF(AND(--Tabela37[[#This Row],[P.Comb]]>=55%,--Tabela37[[#This Row],[Edge]]>0.1),"📊 Referência","❌ Sem critério")))) -> #DIV/0! | R18: =SUBSTITUTE(TRIM(LEFT(A18,FIND(" x ",A18)-1)),"USA","USMNT") -> #VALUE! | S18: =SUBSTITUTE(TRIM(MID(A18,FIND(" x ",A18)+3,100)),"USA","USMNT") -> #VALUE! | T18: =IFERROR(AVERAGE(INDEX('Jogos do Dia'!$O$2:$O$5,MATCH(R18&"|"&S18,'Jogos do Dia'!$AJ$2:$AJ$5,0)),INDEX('Jogos do Dia'!$P$2:$P$5,MATCH(S18&"|"&R18,'Jogos do Dia'!$AJ$2:$AJ$5,0))),1.2) -> 1.2 | U18: =IFERROR(AVERAGE(INDEX('Jogos do Dia'!$O$2:$O$5,MATCH(S18&"|"&R18,'Jogos do Dia'!$AJ$2:$AJ$5,0)),INDEX('Jogos do Dia'!$P$2:$P$5,MATCH(R18&"|"&S18,'Jogos do Dia'!$AJ$2:$AJ$5,0))),1.2) -> 1.2
F19: {=IFERROR(_xlfn.LET(_xlpm.critOne,D19,_xlpm.critTwo,E19,_xlpm.la,MAX(0,T19),_xlpm.lb,MAX(0,U19),_xlpm.g,_xlfn.SEQUENCE(21,,0),_xlpm.x,_xlpm.g,_xlpm.y,TRANSPOSE(_xlpm.g),_xlpm.p,_xlfn.POISSON.DIST(_xlpm.x,_xlpm.la,FALSE)*_xlfn.POISSON.DIST(_xlpm.y,_xlpm.lb,FALSE),_xlpm.rawOne,TRIM(IFERROR(_xlfn.TEXTBEFORE(_xlpm.critOne,"|"),_xlpm.critOne)),_xlpm.rawTwo,TRIM(IFERROR(_xlfn.TEXTBEFORE(_xlpm.critTwo,"|"),_xlpm.critTwo)),_xlpm.multOne,IFERROR(_xlfn.NUMBERVALUE(TRIM(_xlfn.TEXTAFTER(_xlpm.critOne,"|")),".",","),1),_xlpm.multTwo,IFERROR(_xlfn.NUMBERVALUE(TRIM(_xlfn.TEXTAFTER(_xlpm.critTwo,"|")),".",","),1),_xlpm.lineOne,IFERROR(_xlfn.NUMBERVALUE(_xlfn.TEXTBEFORE(_xlfn.TEXTAFTER(_xlpm.rawOne," ")&" "," "),".",","),0),_xlpm.lineTwo,IFERROR(_xlfn.NUMBERVALUE(_xlfn.TEXTBEFORE(_xlfn.TEXTAFTER(_xlpm.rawTwo," ")&" "," "),".",","),0),_xlpm.handOne,IFERROR(_xlfn.NUMBERVALUE(_xlfn.TEXTAFTER(_xlpm.rawOne,"AH "),".",","),0),_xlpm.handTwo,IFERROR(_xlfn.NUMBERVALUE(_xlfn.TEXTAFTER(_xlpm.rawTwo,"AH "),".",","),0),_xlpm.lambdaFt,(_xlpm.la+_xlpm.lb)*0.42,_xlpm.condOne,IF(_xlpm.rawOne="",1,IF(_xlpm.rawOne="BTTS Sim",--((_xlpm.x>0)*(_xlpm.y>0)),IF(_xlpm.rawOne="BTTS Não",--(((_xlpm.x=0)+(_xlpm.y=0))>0),IF(ISNUMBER(SEARCH(" 1T",_xlpm.rawOne)),IF(LEFT(_xlpm.rawOne,4)="Over",1-_xlfn.POISSON.DIST(INT(_xlpm.lineOne),_xlpm.lambdaFt,TRUE),_xlfn.POISSON.DIST(INT(_xlpm.lineOne),_xlpm.lambdaFt,TRUE)),IF(LEFT(_xlpm.rawOne,4)="Over",--((_xlpm.x+_xlpm.y)>_xlpm.lineOne),IF(LEFT(_xlpm.rawOne,5)="Under",--((_xlpm.x+_xlpm.y)<_xlpm.lineOne),IF(_xlpm.rawOne="TimeA vence",--(_xlpm.x>_xlpm.y),IF(_xlpm.rawOne="TimeB vence",--(_xlpm.y>_xlpm.x),IF(_xlpm.rawOne="Empate",--(_xlpm.x=_xlpm.y),IF(_xlpm.rawOne="TimeA DC",--(_xlpm.x>=_xlpm.y),IF(_xlpm.rawOne="TimeB DC",--(_xlpm.y>=_xlpm.x),IF(ISNUMBER(SEARCH("TimeA AH",_xlpm.rawOne)),--(_xlpm.x+_xlpm.handOne>_xlpm.y),IF(ISNUMBER(SEARCH("TimeB AH",_xlpm.rawOne)),--(_xlpm.y+_xlpm.handOne>_xlpm.x),1))))))))))))),_xlpm.condTwo,IF(_xlpm.rawTwo="",1,IF(_xlpm.rawTwo="BTTS Sim",--((_xlpm.x>0)*(_xlpm.y>0)),IF(_xlpm.rawTwo="BTTS Não",--(((_xlpm.x=0)+(_xlpm.y=0))>0),IF(ISNUMBER(SEARCH(" 1T",_xlpm.rawTwo)),IF(LEFT(_xlpm.rawTwo,4)="Over",1-_xlfn.POISSON.DIST(INT(_xlpm.lineTwo),_xlpm.lambdaFt,TRUE),_xlfn.POISSON.DIST(INT(_xlpm.lineTwo),_xlpm.lambdaFt,TRUE)),IF(LEFT(_xlpm.rawTwo,4)="Over",--((_xlpm.x+_xlpm.y)>_xlpm.lineTwo),IF(LEFT(_xlpm.rawTwo,5)="Under",--((_xlpm.x+_xlpm.y)<_xlpm.lineTwo),IF(_xlpm.rawTwo="TimeA vence",--(_xlpm.x>_xlpm.y),IF(_xlpm.rawTwo="TimeB vence",--(_xlpm.y>_xlpm.x),IF(_xlpm.rawTwo="Empate",--(_xlpm.x=_xlpm.y),IF(_xlpm.rawTwo="TimeA DC",--(_xlpm.x>=_xlpm.y),IF(_xlpm.rawTwo="TimeB DC",--(_xlpm.y>=_xlpm.x),IF(ISNUMBER(SEARCH("TimeA AH",_xlpm.rawTwo)),--(_xlpm.x+_xlpm.handTwo>_xlpm.y),IF(ISNUMBER(SEARCH("TimeB AH",_xlpm.rawTwo)),--(_xlpm.y+_xlpm.handTwo>_xlpm.x),1))))))))))))),SUM(_xlpm.p*_xlpm.condOne*_xlpm.condTwo)*_xlpm.multOne*_xlpm.multTwo),0)} -> 1 | H19: =1/Tabela37[[#This Row],[Odd Mercado]] -> #DIV/0! | I19: =(Tabela37[[#This Row],[P.Plan]]*0.45)+(Tabela37[[#This Row],[P.Font]]*0.55) -> 0.45 | J19: =1/Tabela37[[#This Row],[P.Comb]] -> 2.2222222 | L19: =(Tabela37[[#This Row],[Odd Mercado]]/Tabela37[[#This Row],[Odd Gatilho]])-1 -> -1 | M19: =IF(AND(I19>60%,L19>=-15%,L19<=15%),"⭐Conferir",IF(L19>15%,"✅✅ Forte Valor",IF(L19>10%,"✅ Entra",IF(L19>=0%,"🟡 Borderline",IF(L19<-15%,"🔴 Evitar","❌ Sem valor"))))) -> 🔴 Evitar | O19: =IF(N20="","— digite a odd —",IF(N20>=1.1/(1.1/Tabela37[[#This Row],[Odd Gatilho]]),"✅ ENTRA (edge "&TEXT(N20*(1.1/Tabela37[[#This Row],[Odd Gatilho]])-1,"0%")&")",IF(N20>=1/(1.1/Tabela37[[#This Row],[Odd Gatilho]]),"🟡 break-even (edge "&TEXT(N20*(1.1/Tabela37[[#This Row],[Odd Gatilho]])-1,"0%")&")","❌ sem valor"))) -> — digite a odd — | P19: =IF(OR(N20="",N20<=1),"",IF(N20<1/0.483,0,ROUND(MIN(3,MAX(0.5,0.25*((N20*0.483-1)/(N20-1))*10)),1))) | Q19: =IF(AND(--Tabela37[[#This Row],[P.Plan]]>--Tabela37[[#This Row],[P.Font]],--Tabela37[[#This Row],[P.Font]]>=--Tabela37[[#This Row],[P.Mkt]],--Tabela37[[#This Row],[P.Mkt]]>=60%),"🎯 Edge Real", IF(AND(--Tabela37[[#This Row],[P.Font]]>=--Tabela37[[#This Row],[P.Mkt]],--Tabela37[[#This Row],[P.Mkt]]>=60%),"📡 Sinal Externo", IF(AND(--Tabela37[[#This Row],[P.Comb]]>=65%,--Tabela37[[#This Row],[Odd Mercado]]<=1.8),"✅ Alta Certeza", IF(AND(--Tabela37[[#This Row],[P.Comb]]>=55%,--Tabela37[[#This Row],[Edge]]>0.1),"📊 Referência","❌ Sem critério")))) -> #DIV/0! | R19: =SUBSTITUTE(TRIM(LEFT(A19,FIND(" x ",A19)-1)),"USA","USMNT") -> #VALUE! | S19: =SUBSTITUTE(TRIM(MID(A19,FIND(" x ",A19)+3,100)),"USA","USMNT") -> #VALUE! | T19: =IFERROR(AVERAGE(INDEX('Jogos do Dia'!$O$2:$O$5,MATCH(R19&"|"&S19,'Jogos do Dia'!$AJ$2:$AJ$5,0)),INDEX('Jogos do Dia'!$P$2:$P$5,MATCH(S19&"|"&R19,'Jogos do Dia'!$AJ$2:$AJ$5,0))),1.2) -> 1.2 | U19: =IFERROR(AVERAGE(INDEX('Jogos do Dia'!$O$2:$O$5,MATCH(S19&"|"&R19,'Jogos do Dia'!$AJ$2:$AJ$5,0)),INDEX('Jogos do Dia'!$P$2:$P$5,MATCH(R19&"|"&S19,'Jogos do Dia'!$AJ$2:$AJ$5,0))),1.2) -> 1.2
F20: {=IFERROR(_xlfn.LET(_xlpm.critOne,D20,_xlpm.critTwo,E20,_xlpm.la,MAX(0,T20),_xlpm.lb,MAX(0,U20),_xlpm.g,_xlfn.SEQUENCE(21,,0),_xlpm.x,_xlpm.g,_xlpm.y,TRANSPOSE(_xlpm.g),_xlpm.p,_xlfn.POISSON.DIST(_xlpm.x,_xlpm.la,FALSE)*_xlfn.POISSON.DIST(_xlpm.y,_xlpm.lb,FALSE),_xlpm.rawOne,TRIM(IFERROR(_xlfn.TEXTBEFORE(_xlpm.critOne,"|"),_xlpm.critOne)),_xlpm.rawTwo,TRIM(IFERROR(_xlfn.TEXTBEFORE(_xlpm.critTwo,"|"),_xlpm.critTwo)),_xlpm.multOne,IFERROR(_xlfn.NUMBERVALUE(TRIM(_xlfn.TEXTAFTER(_xlpm.critOne,"|")),".",","),1),_xlpm.multTwo,IFERROR(_xlfn.NUMBERVALUE(TRIM(_xlfn.TEXTAFTER(_xlpm.critTwo,"|")),".",","),1),_xlpm.lineOne,IFERROR(_xlfn.NUMBERVALUE(_xlfn.TEXTBEFORE(_xlfn.TEXTAFTER(_xlpm.rawOne," ")&" "," "),".",","),0),_xlpm.lineTwo,IFERROR(_xlfn.NUMBERVALUE(_xlfn.TEXTBEFORE(_xlfn.TEXTAFTER(_xlpm.rawTwo," ")&" "," "),".",","),0),_xlpm.handOne,IFERROR(_xlfn.NUMBERVALUE(_xlfn.TEXTAFTER(_xlpm.rawOne,"AH "),".",","),0),_xlpm.handTwo,IFERROR(_xlfn.NUMBERVALUE(_xlfn.TEXTAFTER(_xlpm.rawTwo,"AH "),".",","),0),_xlpm.lambdaFt,(_xlpm.la+_xlpm.lb)*0.42,_xlpm.condOne,IF(_xlpm.rawOne="",1,IF(_xlpm.rawOne="BTTS Sim",--((_xlpm.x>0)*(_xlpm.y>0)),IF(_xlpm.rawOne="BTTS Não",--(((_xlpm.x=0)+(_xlpm.y=0))>0),IF(ISNUMBER(SEARCH(" 1T",_xlpm.rawOne)),IF(LEFT(_xlpm.rawOne,4)="Over",1-_xlfn.POISSON.DIST(INT(_xlpm.lineOne),_xlpm.lambdaFt,TRUE),_xlfn.POISSON.DIST(INT(_xlpm.lineOne),_xlpm.lambdaFt,TRUE)),IF(LEFT(_xlpm.rawOne,4)="Over",--((_xlpm.x+_xlpm.y)>_xlpm.lineOne),IF(LEFT(_xlpm.rawOne,5)="Under",--((_xlpm.x+_xlpm.y)<_xlpm.lineOne),IF(_xlpm.rawOne="TimeA vence",--(_xlpm.x>_xlpm.y),IF(_xlpm.rawOne="TimeB vence",--(_xlpm.y>_xlpm.x),IF(_xlpm.rawOne="Empate",--(_xlpm.x=_xlpm.y),IF(_xlpm.rawOne="TimeA DC",--(_xlpm.x>=_xlpm.y),IF(_xlpm.rawOne="TimeB DC",--(_xlpm.y>=_xlpm.x),IF(ISNUMBER(SEARCH("TimeA AH",_xlpm.rawOne)),--(_xlpm.x+_xlpm.handOne>_xlpm.y),IF(ISNUMBER(SEARCH("TimeB AH",_xlpm.rawOne)),--(_xlpm.y+_xlpm.handOne>_xlpm.x),1))))))))))))),_xlpm.condTwo,IF(_xlpm.rawTwo="",1,IF(_xlpm.rawTwo="BTTS Sim",--((_xlpm.x>0)*(_xlpm.y>0)),IF(_xlpm.rawTwo="BTTS Não",--(((_xlpm.x=0)+(_xlpm.y=0))>0),IF(ISNUMBER(SEARCH(" 1T",_xlpm.rawTwo)),IF(LEFT(_xlpm.rawTwo,4)="Over",1-_xlfn.POISSON.DIST(INT(_xlpm.lineTwo),_xlpm.lambdaFt,TRUE),_xlfn.POISSON.DIST(INT(_xlpm.lineTwo),_xlpm.lambdaFt,TRUE)),IF(LEFT(_xlpm.rawTwo,4)="Over",--((_xlpm.x+_xlpm.y)>_xlpm.lineTwo),IF(LEFT(_xlpm.rawTwo,5)="Under",--((_xlpm.x+_xlpm.y)<_xlpm.lineTwo),IF(_xlpm.rawTwo="TimeA vence",--(_xlpm.x>_xlpm.y),IF(_xlpm.rawTwo="TimeB vence",--(_xlpm.y>_xlpm.x),IF(_xlpm.rawTwo="Empate",--(_xlpm.x=_xlpm.y),IF(_xlpm.rawTwo="TimeA DC",--(_xlpm.x>=_xlpm.y),IF(_xlpm.rawTwo="TimeB DC",--(_xlpm.y>=_xlpm.x),IF(ISNUMBER(SEARCH("TimeA AH",_xlpm.rawTwo)),--(_xlpm.x+_xlpm.handTwo>_xlpm.y),IF(ISNUMBER(SEARCH("TimeB AH",_xlpm.rawTwo)),--(_xlpm.y+_xlpm.handTwo>_xlpm.x),1))))))))))))),SUM(_xlpm.p*_xlpm.condOne*_xlpm.condTwo)*_xlpm.multOne*_xlpm.multTwo),0)} -> 1 | H20: =1/Tabela37[[#This Row],[Odd Mercado]] -> #DIV/0! | I20: =(Tabela37[[#This Row],[P.Plan]]*0.45)+(Tabela37[[#This Row],[P.Font]]*0.55) -> 0.45 | J20: =1/Tabela37[[#This Row],[P.Comb]] -> 2.2222222 | L20: =(Tabela37[[#This Row],[Odd Mercado]]/Tabela37[[#This Row],[Odd Gatilho]])-1 -> -1 | M20: =IF(AND(I20>60%,L20>=-15%,L20<=15%),"⭐Conferir",IF(L20>15%,"✅✅ Forte Valor",IF(L20>10%,"✅ Entra",IF(L20>=0%,"🟡 Borderline",IF(L20<-15%,"🔴 Evitar","❌ Sem valor"))))) -> 🔴 Evitar | O20: =IF(N21="","— digite a odd —",IF(N21>=1.1/(1.1/Tabela37[[#This Row],[Odd Gatilho]]),"✅ ENTRA (edge "&TEXT(N21*(1.1/Tabela37[[#This Row],[Odd Gatilho]])-1,"0%")&")",IF(N21>=1/(1.1/Tabela37[[#This Row],[Odd Gatilho]]),"🟡 break-even (edge "&TEXT(N21*(1.1/Tabela37[[#This Row],[Odd Gatilho]])-1,"0%")&")","❌ sem valor"))) -> — digite a odd — | P20: =IF(OR(N21="",N21<=1),"",IF(N21<1/0.483,0,ROUND(MIN(3,MAX(0.5,0.25*((N21*0.483-1)/(N21-1))*10)),1))) | Q20: =IF(AND(--Tabela37[[#This Row],[P.Plan]]>--Tabela37[[#This Row],[P.Font]],--Tabela37[[#This Row],[P.Font]]>=--Tabela37[[#This Row],[P.Mkt]],--Tabela37[[#This Row],[P.Mkt]]>=60%),"🎯 Edge Real", IF(AND(--Tabela37[[#This Row],[P.Font]]>=--Tabela37[[#This Row],[P.Mkt]],--Tabela37[[#This Row],[P.Mkt]]>=60%),"📡 Sinal Externo", IF(AND(--Tabela37[[#This Row],[P.Comb]]>=65%,--Tabela37[[#This Row],[Odd Mercado]]<=1.8),"✅ Alta Certeza", IF(AND(--Tabela37[[#This Row],[P.Comb]]>=55%,--Tabela37[[#This Row],[Edge]]>0.1),"📊 Referência","❌ Sem critério")))) -> #DIV/0! | R20: =SUBSTITUTE(TRIM(LEFT(A20,FIND(" x ",A20)-1)),"USA","USMNT") -> #VALUE! | S20: =SUBSTITUTE(TRIM(MID(A20,FIND(" x ",A20)+3,100)),"USA","USMNT") -> #VALUE! | T20: =IFERROR(AVERAGE(INDEX('Jogos do Dia'!$O$2:$O$5,MATCH(R20&"|"&S20,'Jogos do Dia'!$AJ$2:$AJ$5,0)),INDEX('Jogos do Dia'!$P$2:$P$5,MATCH(S20&"|"&R20,'Jogos do Dia'!$AJ$2:$AJ$5,0))),1.2) -> 1.2 | U20: =IFERROR(AVERAGE(INDEX('Jogos do Dia'!$O$2:$O$5,MATCH(S20&"|"&R20,'Jogos do Dia'!$AJ$2:$AJ$5,0)),INDEX('Jogos do Dia'!$P$2:$P$5,MATCH(R20&"|"&S20,'Jogos do Dia'!$AJ$2:$AJ$5,0))),1.2) -> 1.2
F21: {=IFERROR(_xlfn.LET(_xlpm.critOne,D21,_xlpm.critTwo,E21,_xlpm.la,MAX(0,T21),_xlpm.lb,MAX(0,U21),_xlpm.g,_xlfn.SEQUENCE(21,,0),_xlpm.x,_xlpm.g,_xlpm.y,TRANSPOSE(_xlpm.g),_xlpm.p,_xlfn.POISSON.DIST(_xlpm.x,_xlpm.la,FALSE)*_xlfn.POISSON.DIST(_xlpm.y,_xlpm.lb,FALSE),_xlpm.rawOne,TRIM(IFERROR(_xlfn.TEXTBEFORE(_xlpm.critOne,"|"),_xlpm.critOne)),_xlpm.rawTwo,TRIM(IFERROR(_xlfn.TEXTBEFORE(_xlpm.critTwo,"|"),_xlpm.critTwo)),_xlpm.multOne,IFERROR(_xlfn.NUMBERVALUE(TRIM(_xlfn.TEXTAFTER(_xlpm.critOne,"|")),".",","),1),_xlpm.multTwo,IFERROR(_xlfn.NUMBERVALUE(TRIM(_xlfn.TEXTAFTER(_xlpm.critTwo,"|")),".",","),1),_xlpm.lineOne,IFERROR(_xlfn.NUMBERVALUE(_xlfn.TEXTBEFORE(_xlfn.TEXTAFTER(_xlpm.rawOne," ")&" "," "),".",","),0),_xlpm.lineTwo,IFERROR(_xlfn.NUMBERVALUE(_xlfn.TEXTBEFORE(_xlfn.TEXTAFTER(_xlpm.rawTwo," ")&" "," "),".",","),0),_xlpm.handOne,IFERROR(_xlfn.NUMBERVALUE(_xlfn.TEXTAFTER(_xlpm.rawOne,"AH "),".",","),0),_xlpm.handTwo,IFERROR(_xlfn.NUMBERVALUE(_xlfn.TEXTAFTER(_xlpm.rawTwo,"AH "),".",","),0),_xlpm.lambdaFt,(_xlpm.la+_xlpm.lb)*0.42,_xlpm.condOne,IF(_xlpm.rawOne="",1,IF(_xlpm.rawOne="BTTS Sim",--((_xlpm.x>0)*(_xlpm.y>0)),IF(_xlpm.rawOne="BTTS Não",--(((_xlpm.x=0)+(_xlpm.y=0))>0),IF(ISNUMBER(SEARCH(" 1T",_xlpm.rawOne)),IF(LEFT(_xlpm.rawOne,4)="Over",1-_xlfn.POISSON.DIST(INT(_xlpm.lineOne),_xlpm.lambdaFt,TRUE),_xlfn.POISSON.DIST(INT(_xlpm.lineOne),_xlpm.lambdaFt,TRUE)),IF(LEFT(_xlpm.rawOne,4)="Over",--((_xlpm.x+_xlpm.y)>_xlpm.lineOne),IF(LEFT(_xlpm.rawOne,5)="Under",--((_xlpm.x+_xlpm.y)<_xlpm.lineOne),IF(_xlpm.rawOne="TimeA vence",--(_xlpm.x>_xlpm.y),IF(_xlpm.rawOne="TimeB vence",--(_xlpm.y>_xlpm.x),IF(_xlpm.rawOne="Empate",--(_xlpm.x=_xlpm.y),IF(_xlpm.rawOne="TimeA DC",--(_xlpm.x>=_xlpm.y),IF(_xlpm.rawOne="TimeB DC",--(_xlpm.y>=_xlpm.x),IF(ISNUMBER(SEARCH("TimeA AH",_xlpm.rawOne)),--(_xlpm.x+_xlpm.handOne>_xlpm.y),IF(ISNUMBER(SEARCH("TimeB AH",_xlpm.rawOne)),--(_xlpm.y+_xlpm.handOne>_xlpm.x),1))))))))))))),_xlpm.condTwo,IF(_xlpm.rawTwo="",1,IF(_xlpm.rawTwo="BTTS Sim",--((_xlpm.x>0)*(_xlpm.y>0)),IF(_xlpm.rawTwo="BTTS Não",--(((_xlpm.x=0)+(_xlpm.y=0))>0),IF(ISNUMBER(SEARCH(" 1T",_xlpm.rawTwo)),IF(LEFT(_xlpm.rawTwo,4)="Over",1-_xlfn.POISSON.DIST(INT(_xlpm.lineTwo),_xlpm.lambdaFt,TRUE),_xlfn.POISSON.DIST(INT(_xlpm.lineTwo),_xlpm.lambdaFt,TRUE)),IF(LEFT(_xlpm.rawTwo,4)="Over",--((_xlpm.x+_xlpm.y)>_xlpm.lineTwo),IF(LEFT(_xlpm.rawTwo,5)="Under",--((_xlpm.x+_xlpm.y)<_xlpm.lineTwo),IF(_xlpm.rawTwo="TimeA vence",--(_xlpm.x>_xlpm.y),IF(_xlpm.rawTwo="TimeB vence",--(_xlpm.y>_xlpm.x),IF(_xlpm.rawTwo="Empate",--(_xlpm.x=_xlpm.y),IF(_xlpm.rawTwo="TimeA DC",--(_xlpm.x>=_xlpm.y),IF(_xlpm.rawTwo="TimeB DC",--(_xlpm.y>=_xlpm.x),IF(ISNUMBER(SEARCH("TimeA AH",_xlpm.rawTwo)),--(_xlpm.x+_xlpm.handTwo>_xlpm.y),IF(ISNUMBER(SEARCH("TimeB AH",_xlpm.rawTwo)),--(_xlpm.y+_xlpm.handTwo>_xlpm.x),1))))))))))))),SUM(_xlpm.p*_xlpm.condOne*_xlpm.condTwo)*_xlpm.multOne*_xlpm.multTwo),0)} -> 1 | H21: =1/Tabela37[[#This Row],[Odd Mercado]] -> #DIV/0! | I21: =(Tabela37[[#This Row],[P.Plan]]*0.45)+(Tabela37[[#This Row],[P.Font]]*0.55) -> 0.45 | J21: =1/Tabela37[[#This Row],[P.Comb]] -> 2.2222222 | L21: =(Tabela37[[#This Row],[Odd Mercado]]/Tabela37[[#This Row],[Odd Gatilho]])-1 -> -1 | M21: =IF(AND(I21>60%,L21>=-15%,L21<=15%),"⭐Conferir",IF(L21>15%,"✅✅ Forte Valor",IF(L21>10%,"✅ Entra",IF(L21>=0%,"🟡 Borderline",IF(L21<-15%,"🔴 Evitar","❌ Sem valor"))))) -> 🔴 Evitar | O21: =IF(N22="","— digite a odd —",IF(N22>=1.1/(1.1/Tabela37[[#This Row],[Odd Gatilho]]),"✅ ENTRA (edge "&TEXT(N22*(1.1/Tabela37[[#This Row],[Odd Gatilho]])-1,"0%")&")",IF(N22>=1/(1.1/Tabela37[[#This Row],[Odd Gatilho]]),"🟡 break-even (edge "&TEXT(N22*(1.1/Tabela37[[#This Row],[Odd Gatilho]])-1,"0%")&")","❌ sem valor"))) -> — digite a odd — | P21: =IF(OR(N22="",N22<=1),"",IF(N22<1/0.483,0,ROUND(MIN(3,MAX(0.5,0.25*((N22*0.483-1)/(N22-1))*10)),1))) | Q21: =IF(AND(--Tabela37[[#This Row],[P.Plan]]>--Tabela37[[#This Row],[P.Font]],--Tabela37[[#This Row],[P.Font]]>=--Tabela37[[#This Row],[P.Mkt]],--Tabela37[[#This Row],[P.Mkt]]>=60%),"🎯 Edge Real", IF(AND(--Tabela37[[#This Row],[P.Font]]>=--Tabela37[[#This Row],[P.Mkt]],--Tabela37[[#This Row],[P.Mkt]]>=60%),"📡 Sinal Externo", IF(AND(--Tabela37[[#This Row],[P.Comb]]>=65%,--Tabela37[[#This Row],[Odd Mercado]]<=1.8),"✅ Alta Certeza", IF(AND(--Tabela37[[#This Row],[P.Comb]]>=55%,--Tabela37[[#This Row],[Edge]]>0.1),"📊 Referência","❌ Sem critério")))) -> #DIV/0! | R21: =SUBSTITUTE(TRIM(LEFT(A21,FIND(" x ",A21)-1)),"USA","USMNT") -> #VALUE! | S21: =SUBSTITUTE(TRIM(MID(A21,FIND(" x ",A21)+3,100)),"USA","USMNT") -> #VALUE! | T21: =IFERROR(AVERAGE(INDEX('Jogos do Dia'!$O$2:$O$5,MATCH(R21&"|"&S21,'Jogos do Dia'!$AJ$2:$AJ$5,0)),INDEX('Jogos do Dia'!$P$2:$P$5,MATCH(S21&"|"&R21,'Jogos do Dia'!$AJ$2:$AJ$5,0))),1.2) -> 1.2 | U21: =IFERROR(AVERAGE(INDEX('Jogos do Dia'!$O$2:$O$5,MATCH(S21&"|"&R21,'Jogos do Dia'!$AJ$2:$AJ$5,0)),INDEX('Jogos do Dia'!$P$2:$P$5,MATCH(R21&"|"&S21,'Jogos do Dia'!$AJ$2:$AJ$5,0))),1.2) -> 1.2
F22: {=IFERROR(_xlfn.LET(_xlpm.critOne,D22,_xlpm.critTwo,E22,_xlpm.la,MAX(0,T22),_xlpm.lb,MAX(0,U22),_xlpm.g,_xlfn.SEQUENCE(21,,0),_xlpm.x,_xlpm.g,_xlpm.y,TRANSPOSE(_xlpm.g),_xlpm.p,_xlfn.POISSON.DIST(_xlpm.x,_xlpm.la,FALSE)*_xlfn.POISSON.DIST(_xlpm.y,_xlpm.lb,FALSE),_xlpm.rawOne,TRIM(IFERROR(_xlfn.TEXTBEFORE(_xlpm.critOne,"|"),_xlpm.critOne)),_xlpm.rawTwo,TRIM(IFERROR(_xlfn.TEXTBEFORE(_xlpm.critTwo,"|"),_xlpm.critTwo)),_xlpm.multOne,IFERROR(_xlfn.NUMBERVALUE(TRIM(_xlfn.TEXTAFTER(_xlpm.critOne,"|")),".",","),1),_xlpm.multTwo,IFERROR(_xlfn.NUMBERVALUE(TRIM(_xlfn.TEXTAFTER(_xlpm.critTwo,"|")),".",","),1),_xlpm.lineOne,IFERROR(_xlfn.NUMBERVALUE(_xlfn.TEXTBEFORE(_xlfn.TEXTAFTER(_xlpm.rawOne," ")&" "," "),".",","),0),_xlpm.lineTwo,IFERROR(_xlfn.NUMBERVALUE(_xlfn.TEXTBEFORE(_xlfn.TEXTAFTER(_xlpm.rawTwo," ")&" "," "),".",","),0),_xlpm.handOne,IFERROR(_xlfn.NUMBERVALUE(_xlfn.TEXTAFTER(_xlpm.rawOne,"AH "),".",","),0),_xlpm.handTwo,IFERROR(_xlfn.NUMBERVALUE(_xlfn.TEXTAFTER(_xlpm.rawTwo,"AH "),".",","),0),_xlpm.lambdaFt,(_xlpm.la+_xlpm.lb)*0.42,_xlpm.condOne,IF(_xlpm.rawOne="",1,IF(_xlpm.rawOne="BTTS Sim",--((_xlpm.x>0)*(_xlpm.y>0)),IF(_xlpm.rawOne="BTTS Não",--(((_xlpm.x=0)+(_xlpm.y=0))>0),IF(ISNUMBER(SEARCH(" 1T",_xlpm.rawOne)),IF(LEFT(_xlpm.rawOne,4)="Over",1-_xlfn.POISSON.DIST(INT(_xlpm.lineOne),_xlpm.lambdaFt,TRUE),_xlfn.POISSON.DIST(INT(_xlpm.lineOne),_xlpm.lambdaFt,TRUE)),IF(LEFT(_xlpm.rawOne,4)="Over",--((_xlpm.x+_xlpm.y)>_xlpm.lineOne),IF(LEFT(_xlpm.rawOne,5)="Under",--((_xlpm.x+_xlpm.y)<_xlpm.lineOne),IF(_xlpm.rawOne="TimeA vence",--(_xlpm.x>_xlpm.y),IF(_xlpm.rawOne="TimeB vence",--(_xlpm.y>_xlpm.x),IF(_xlpm.rawOne="Empate",--(_xlpm.x=_xlpm.y),IF(_xlpm.rawOne="TimeA DC",--(_xlpm.x>=_xlpm.y),IF(_xlpm.rawOne="TimeB DC",--(_xlpm.y>=_xlpm.x),IF(ISNUMBER(SEARCH("TimeA AH",_xlpm.rawOne)),--(_xlpm.x+_xlpm.handOne>_xlpm.y),IF(ISNUMBER(SEARCH("TimeB AH",_xlpm.rawOne)),--(_xlpm.y+_xlpm.handOne>_xlpm.x),1))))))))))))),_xlpm.condTwo,IF(_xlpm.rawTwo="",1,IF(_xlpm.rawTwo="BTTS Sim",--((_xlpm.x>0)*(_xlpm.y>0)),IF(_xlpm.rawTwo="BTTS Não",--(((_xlpm.x=0)+(_xlpm.y=0))>0),IF(ISNUMBER(SEARCH(" 1T",_xlpm.rawTwo)),IF(LEFT(_xlpm.rawTwo,4)="Over",1-_xlfn.POISSON.DIST(INT(_xlpm.lineTwo),_xlpm.lambdaFt,TRUE),_xlfn.POISSON.DIST(INT(_xlpm.lineTwo),_xlpm.lambdaFt,TRUE)),IF(LEFT(_xlpm.rawTwo,4)="Over",--((_xlpm.x+_xlpm.y)>_xlpm.lineTwo),IF(LEFT(_xlpm.rawTwo,5)="Under",--((_xlpm.x+_xlpm.y)<_xlpm.lineTwo),IF(_xlpm.rawTwo="TimeA vence",--(_xlpm.x>_xlpm.y),IF(_xlpm.rawTwo="TimeB vence",--(_xlpm.y>_xlpm.x),IF(_xlpm.rawTwo="Empate",--(_xlpm.x=_xlpm.y),IF(_xlpm.rawTwo="TimeA DC",--(_xlpm.x>=_xlpm.y),IF(_xlpm.rawTwo="TimeB DC",--(_xlpm.y>=_xlpm.x),IF(ISNUMBER(SEARCH("TimeA AH",_xlpm.rawTwo)),--(_xlpm.x+_xlpm.handTwo>_xlpm.y),IF(ISNUMBER(SEARCH("TimeB AH",_xlpm.rawTwo)),--(_xlpm.y+_xlpm.handTwo>_xlpm.x),1))))))))))))),SUM(_xlpm.p*_xlpm.condOne*_xlpm.condTwo)*_xlpm.multOne*_xlpm.multTwo),0)} -> 1 | H22: =1/Tabela37[[#This Row],[Odd Mercado]] -> #DIV/0! | I22: =(Tabela37[[#This Row],[P.Plan]]*0.45)+(Tabela37[[#This Row],[P.Font]]*0.55) -> 0.45 | J22: =1/Tabela37[[#This Row],[P.Comb]] -> 2.2222222 | L22: =(Tabela37[[#This Row],[Odd Mercado]]/Tabela37[[#This Row],[Odd Gatilho]])-1 -> -1 | M22: =IF(AND(I22>60%,L22>=-15%,L22<=15%),"⭐Conferir",IF(L22>15%,"✅✅ Forte Valor",IF(L22>10%,"✅ Entra",IF(L22>=0%,"🟡 Borderline",IF(L22<-15%,"🔴 Evitar","❌ Sem valor"))))) -> 🔴 Evitar | O22: =IF(N23="","— digite a odd —",IF(N23>=1.1/(1.1/Tabela37[[#This Row],[Odd Gatilho]]),"✅ ENTRA (edge "&TEXT(N23*(1.1/Tabela37[[#This Row],[Odd Gatilho]])-1,"0%")&")",IF(N23>=1/(1.1/Tabela37[[#This Row],[Odd Gatilho]]),"🟡 break-even (edge "&TEXT(N23*(1.1/Tabela37[[#This Row],[Odd Gatilho]])-1,"0%")&")","❌ sem valor"))) -> — digite a odd — | P22: =IF(OR(N23="",N23<=1),"",IF(N23<1/0.483,0,ROUND(MIN(3,MAX(0.5,0.25*((N23*0.483-1)/(N23-1))*10)),1))) | Q22: =IF(AND(--Tabela37[[#This Row],[P.Plan]]>--Tabela37[[#This Row],[P.Font]],--Tabela37[[#This Row],[P.Font]]>=--Tabela37[[#This Row],[P.Mkt]],--Tabela37[[#This Row],[P.Mkt]]>=60%),"🎯 Edge Real", IF(AND(--Tabela37[[#This Row],[P.Font]]>=--Tabela37[[#This Row],[P.Mkt]],--Tabela37[[#This Row],[P.Mkt]]>=60%),"📡 Sinal Externo", IF(AND(--Tabela37[[#This Row],[P.Comb]]>=65%,--Tabela37[[#This Row],[Odd Mercado]]<=1.8),"✅ Alta Certeza", IF(AND(--Tabela37[[#This Row],[P.Comb]]>=55%,--Tabela37[[#This Row],[Edge]]>0.1),"📊 Referência","❌ Sem critério")))) -> #DIV/0! | R22: =SUBSTITUTE(TRIM(LEFT(A22,FIND(" x ",A22)-1)),"USA","USMNT") -> #VALUE! | S22: =SUBSTITUTE(TRIM(MID(A22,FIND(" x ",A22)+3,100)),"USA","USMNT") -> #VALUE! | T22: =IFERROR(AVERAGE(INDEX('Jogos do Dia'!$O$2:$O$5,MATCH(R22&"|"&S22,'Jogos do Dia'!$AJ$2:$AJ$5,0)),INDEX('Jogos do Dia'!$P$2:$P$5,MATCH(S22&"|"&R22,'Jogos do Dia'!$AJ$2:$AJ$5,0))),1.2) -> 1.2 | U22: =IFERROR(AVERAGE(INDEX('Jogos do Dia'!$O$2:$O$5,MATCH(S22&"|"&R22,'Jogos do Dia'!$AJ$2:$AJ$5,0)),INDEX('Jogos do Dia'!$P$2:$P$5,MATCH(R22&"|"&S22,'Jogos do Dia'!$AJ$2:$AJ$5,0))),1.2) -> 1.2
... F40: {=IFERROR(_xlfn.LET(_xlpm.critOne,D40,_xlpm.critTwo,E40,_xlpm.la,MAX(0,T40),_xlpm.lb,MAX(0,U40),_xlpm.g,_xlfn.SEQUENCE(21,,0),_xlpm.x,_xlpm.g,_xlpm.y,TRANSPOSE(_xlpm.g),_xlpm.p,_xlfn.POISSON.DIST(_xlpm.x,_xlpm.la,FALSE)*_xlfn.POISSON.DIST(_xlpm.y,_xlpm.lb,FALSE),_xlpm.rawOne,TRIM(IFERROR(_xlfn.TEXTBEFORE(_xlpm.critOne,"|"),_xlpm.critOne)),_xlpm.rawTwo,TRIM(IFERROR(_xlfn.TEXTBEFORE(_xlpm.critTwo,"|"),_xlpm.critTwo)),_xlpm.multOne,IFERROR(_xlfn.NUMBERVALUE(TRIM(_xlfn.TEXTAFTER(_xlpm.critOne,"|")),".",","),1),_xlpm.multTwo,IFERROR(_xlfn.NUMBERVALUE(TRIM(_xlfn.TEXTAFTER(_xlpm.critTwo,"|")),".",","),1),_xlpm.lineOne,IFERROR(_xlfn.NUMBERVALUE(_xlfn.TEXTBEFORE(_xlfn.TEXTAFTER(_xlpm.rawOne," ")&" "," "),".",","),0),_xlpm.lineTwo,IFERROR(_xlfn.NUMBERVALUE(_xlfn.TEXTBEFORE(_xlfn.TEXTAFTER(_xlpm.rawTwo," ")&" "," "),".",","),0),_xlpm.handOne,IFERROR(_xlfn.NUMBERVALUE(_xlfn.TEXTAFTER(_xlpm.rawOne,"AH "),".",","),0),_xlpm.handTwo,IFERROR(_xlfn.NUMBERVALUE(_xlfn.TEXTAFTER(_xlpm.rawTwo,"AH "),".",","),0),_xlpm.lambdaFt,(_xlpm.la+_xlpm.lb)*0.42,_xlpm.condOne,IF(_xlpm.rawOne="",1,IF(_xlpm.rawOne="BTTS Sim",--((_xlpm.x>0)*(_xlpm.y>0)),IF(_xlpm.rawOne="BTTS Não",--(((_xlpm.x=0)+(_xlpm.y=0))>0),IF(ISNUMBER(SEARCH(" 1T",_xlpm.rawOne)),IF(LEFT(_xlpm.rawOne,4)="Over",1-_xlfn.POISSON.DIST(INT(_xlpm.lineOne),_xlpm.lambdaFt,TRUE),_xlfn.POISSON.DIST(INT(_xlpm.lineOne),_xlpm.lambdaFt,TRUE)),IF(LEFT(_xlpm.rawOne,4)="Over",--((_xlpm.x+_xlpm.y)>_xlpm.lineOne),IF(LEFT(_xlpm.rawOne,5)="Under",--((_xlpm.x+_xlpm.y)<_xlpm.lineOne),IF(_xlpm.rawOne="TimeA vence",--(_xlpm.x>_xlpm.y),IF(_xlpm.rawOne="TimeB vence",--(_xlpm.y>_xlpm.x),IF(_xlpm.rawOne="Empate",--(_xlpm.x=_xlpm.y),IF(_xlpm.rawOne="TimeA DC",--(_xlpm.x>=_xlpm.y),IF(_xlpm.rawOne="TimeB DC",--(_xlpm.y>=_xlpm.x),IF(ISNUMBER(SEARCH("TimeA AH",_xlpm.rawOne)),--(_xlpm.x+_xlpm.handOne>_xlpm.y),IF(ISNUMBER(SEARCH("TimeB AH",_xlpm.rawOne)),--(_xlpm.y+_xlpm.handOne>_xlpm.x),1))))))))))))),_xlpm.condTwo,IF(_xlpm.rawTwo="",1,IF(_xlpm.rawTwo="BTTS Sim",--((_xlpm.x>0)*(_xlpm.y>0)),IF(_xlpm.rawTwo="BTTS Não",--(((_xlpm.x=0)+(_xlpm.y=0))>0),IF(ISNUMBER(SEARCH(" 1T",_xlpm.rawTwo)),IF(LEFT(_xlpm.rawTwo,4)="Over",1-_xlfn.POISSON.DIST(INT(_xlpm.lineTwo),_xlpm.lambdaFt,TRUE),_xlfn.POISSON.DIST(INT(_xlpm.lineTwo),_xlpm.lambdaFt,TRUE)),IF(LEFT(_xlpm.rawTwo,4)="Over",--((_xlpm.x+_xlpm.y)>_xlpm.lineTwo),IF(LEFT(_xlpm.rawTwo,5)="Under",--((_xlpm.x+_xlpm.y)<_xlpm.lineTwo),IF(_xlpm.rawTwo="TimeA vence",--(_xlpm.x>_xlpm.y),IF(_xlpm.rawTwo="TimeB vence",--(_xlpm.y>_xlpm.x),IF(_xlpm.rawTwo="Empate",--(_xlpm.x=_xlpm.y),IF(_xlpm.rawTwo="TimeA DC",--(_xlpm.x>=_xlpm.y),IF(_xlpm.rawTwo="TimeB DC",--(_xlpm.y>=_xlpm.x),IF(ISNUMBER(SEARCH("TimeA AH",_xlpm.rawTwo)),--(_xlpm.x+_xlpm.handTwo>_xlpm.y),IF(ISNUMBER(SEARCH("TimeB AH",_xlpm.rawTwo)),--(_xlpm.y+_xlpm.handTwo>_xlpm.x),1))))))))))))),SUM(_xlpm.p*_xlpm.condOne*_xlpm.condTwo)*_xlpm.multOne*_xlpm.multTwo),0)} -> 1 | H40: =1/Tabela37[[#This Row],[Odd Mercado]] -> #DIV/0! | I40: =(Tabela37[[#This Row],[P.Plan]]*0.45)+(Tabela37[[#This Row],[P.Font]]*0.55) -> 0.45 | J40: =1/Tabela37[[#This Row],[P.Comb]] -> 2.2222222 | L40: =(Tabela37[[#This Row],[Odd Mercado]]/Tabela37[[#This Row],[Odd Gatilho]])-1 -> -1 | M40: =IF(AND(I40>60%,L40>=-15%,L40<=15%),"⭐Conferir",IF(L40>15%,"✅✅ Forte Valor",IF(L40>10%,"✅ Entra",IF(L40>=0%,"🟡 Borderline",IF(L40<-15%,"🔴 Evitar","❌ Sem valor"))))) -> 🔴 Evitar | O40: =IF(N41="","— digite a odd —",IF(N41>=1.1/(1.1/Tabela37[[#This Row],[Odd Gatilho]]),"✅ ENTRA (edge "&TEXT(N41*(1.1/Tabela37[[#This Row],[Odd Gatilho]])-1,"0%")&")",IF(N41>=1/(1.1/Tabela37[[#This Row],[Odd Gatilho]]),"🟡 break-even (edge "&TEXT(N41*(1.1/Tabela37[[#This Row],[Odd Gatilho]])-1,"0%")&")","❌ sem valor"))) -> — digite a odd — | P40: =IF(OR(N41="",N41<=1),"",IF(N41<1/0.483,0,ROUND(MIN(3,MAX(0.5,0.25*((N41*0.483-1)/(N41-1))*10)),1))) | Q40: =IF(AND(--Tabela37[[#This Row],[P.Plan]]>--Tabela37[[#This Row],[P.Font]],--Tabela37[[#This Row],[P.Font]]>=--Tabela37[[#This Row],[P.Mkt]],--Tabela37[[#This Row],[P.Mkt]]>=60%),"🎯 Edge Real", IF(AND(--Tabela37[[#This Row],[P.Font]]>=--Tabela37[[#This Row],[P.Mkt]],--Tabela37[[#This Row],[P.Mkt]]>=60%),"📡 Sinal Externo", IF(AND(--Tabela37[[#This Row],[P.Comb]]>=65%,--Tabela37[[#This Row],[Odd Mercado]]<=1.8),"✅ Alta Certeza", IF(AND(--Tabela37[[#This Row],[P.Comb]]>=55%,--Tabela37[[#This Row],[Edge]]>0.1),"📊 Referência","❌ Sem critério")))) -> #DIV/0! | R40: =SUBSTITUTE(TRIM(LEFT(A40,FIND(" x ",A40)-1)),"USA","USMNT") -> #VALUE! | S40: =SUBSTITUTE(TRIM(MID(A40,FIND(" x ",A40)+3,100)),"USA","USMNT") -> #VALUE! | T40: =IFERROR(AVERAGE(INDEX('Jogos do Dia'!$O$2:$O$5,MATCH(R40&"|"&S40,'Jogos do Dia'!$AJ$2:$AJ$5,0)),INDEX('Jogos do Dia'!$P$2:$P$5,MATCH(S40&"|"&R40,'Jogos do Dia'!$AJ$2:$AJ$5,0))),1.2) -> 1.2 | U40: =IFERROR(AVERAGE(INDEX('Jogos do Dia'!$O$2:$O$5,MATCH(S40&"|"&R40,'Jogos do Dia'!$AJ$2:$AJ$5,0)),INDEX('Jogos do Dia'!$P$2:$P$5,MATCH(R40&"|"&S40,'Jogos do Dia'!$AJ$2:$AJ$5,0))),1.2) -> 1.2

Sheet Fontes
A1: Jogo | B1: Placar Modal | C1: P. Mandante | D1: P. Empate | E1: P. Visitante | F1: Consenso | G1: Melhor Aposta (Fontes) | H1: Pontos de Atenção

Sheet Critérios
A1: 📋 CRITÉRIOS DE SELEÇÃO — Como cada tabela funciona
A2: Tabela | B2: Critério de probabilidade | F2: Filtro de odd | H2: Lógica / ROI histórico
A3: 🎯 Edge Real | B3: P.plan > P.font > P.mkt, todos > 60% | F3: Sem piso de odd | H3: Ineficiência real: planilha enxerga algo que mercado e fontes subestimam. PRIORIDADE MÁXIMA.
A4: 📡 Sinal Externo | B4: P.font > P.mkt, P > 60%, planilha não contradiz | F4: Sem piso de odd | H4: Fontes mais confiantes que o mercado. Uma fonte contra o mercado. Entrar em 100%.
A5: ✅ Alta Certeza | B5: P.comb > 65%, gatilho ≤ 1.80 | F5: Odd ≥ 1.40 | H5: Validado: odd<1.40 → ROI -8% | odd≥1.40 → ROI +38.8% (89% acerto). Piso obrigatório.
A6: 📊 Referência | B6: P.comb > 55%, edge > 10% | F6: Sem piso | H6: Apenas análise. Não entrar automaticamente. ROI histórico -41%.

Sheet Parâmetros
A1: Parâmetros do Modelo
A3: BTTS (Both Teams To Score) | B3: Valor | C3: Descrição
A4: Piso mínimo de λ | B4: 0.5 | C4: Gols esperados mínimos por time (evita defesas irreais como 0)
A5: Peso do time (α) | B5: 0.7 | C5: % que vem do cálculo histórico; o resto vem da taxa base
A6: Taxa base (gols/time) | B6: 1.3 | C6: Média de gols marcados por time em jogos internacionais top
